#
# There is insufficient memory for the Java Runtime Environment to continue.
# Native memory allocation (mmap) failed to map 65536 bytes. Error detail: Failed to commit metaspace.
# Possible reasons:
#   The system is out of physical RAM or swap space
#   This process is running with CompressedOops enabled, and the Java Heap may be blocking the growth of the native heap
# Possible solutions:
#   Reduce memory load on the system
#   Increase physical memory or swap space
#   Check if swap backing store is full
#   Decrease Java heap size (-Xmx/-Xms)
#   Decrease number of Java threads
#   Decrease Java thread stack sizes (-Xss)
#   Set larger code cache with -XX:ReservedCodeCacheSize=
#   JVM is running with Unscaled Compressed Oops mode in which the Java heap is
#     placed in the first 4GB address space. The Java Heap base address is the
#     maximum limit for the native heap growth. Please use -XX:HeapBaseMinAddress
#     to set the Java Heap base and to place the Java Heap above 4GB virtual address.
# This output file may be truncated or incomplete.
#
#  Out of Memory Error (virtualSpaceNode.cpp:113), pid=14484, tid=13164
#
# JRE version: OpenJDK Runtime Environment Temurin-21.0.12.1+1 (21.0.12.1+1) (build 21.0.12.1+1-LTS)
# Java VM: OpenJDK 64-Bit Server VM Temurin-21.0.12.1+1 (21.0.12.1+1-LTS, mixed mode, sharing, tiered, compressed oops, compressed class ptrs, parallel gc, windows-amd64)
# No core dump will be written. Minidumps are not enabled by default on client versions of Windows
#

---------------  S U M M A R Y ------------

Command Line: --add-modules=ALL-SYSTEM --add-opens=java.base/java.util=ALL-UNNAMED --add-opens=java.base/java.lang=ALL-UNNAMED --add-opens=java.base/sun.nio.fs=ALL-UNNAMED -Declipse.application=org.eclipse.jdt.ls.core.id1 -Dosgi.bundles.defaultStartLevel=4 -Declipse.product=org.eclipse.jdt.ls.core.product -Djava.import.generatesMetadataFilesAtProjectRoot=false -Dm2e.project.cache.size=50 -DDetectVMInstallationsJob.disabled=true -Dfile.encoding=utf8 -XX:+UseParallelGC -XX:GCTimeRatio=4 -XX:AdaptiveSizePolicyWeight=90 -Dsun.zip.disableMemoryMapping=true -Xmx2G -Xms100m -Xlog:disable -javaagent:c:\Users\LOQ\.vscode\extensions\redhat.java-1.56.0-win32-x64\lombok\lombok-1.18.39-4050.jar c:\Users\LOQ\.vscode\extensions\redhat.java-1.56.0-win32-x64\server\plugins\org.eclipse.equinox.launcher_1.8.0.v20260804-1928.jar -configuration c:\Users\LOQ\AppData\Roaming\Code\User\globalStorage\redhat.java\1.56.0\config_ss_win -data c:\Users\LOQ\AppData\Roaming\Code\User\workspaceStorage\a7a39547a06a3b6109950431f82cb49c\redhat.java\ss_ws --pipe=\\.\pipe\lsp-ffa38f8029bb222db150dfe5513ba571-sock

Host: AMD Ryzen 5 7235HS                             , 8 cores, 11G,  Windows 11 , 64 bit Build 26100 (10.0.26100.6725)
Time: Wed Sep 16 11:01:14 2026 Sri Lanka Standard Time elapsed time: 4.020211 seconds (0d 0h 0m 4s)

---------------  T H R E A D  ---------------

Current thread (0x0000023fea4d6840):  JavaThread "Start Level: Equinox Container: 494ab517-f69e-48f0-a9b4-0039ad127238" daemon [_thread_in_vm, id=13164, stack(0x000000a5e2d00000,0x000000a5e2e00000) (1024K)]

Stack: [0x000000a5e2d00000,0x000000a5e2e00000]
Native frames: (J=compiled Java code, j=interpreted, Vv=VM code, C=native code)
V  [jvm.dll+0x6d83e9]
V  [jvm.dll+0x8b5736]
V  [jvm.dll+0x8b7cee]
V  [jvm.dll+0x8b83d3]
V  [jvm.dll+0x284596]
V  [jvm.dll+0x8b147e]
V  [jvm.dll+0x679ad4]
V  [jvm.dll+0x1e849b]
V  [jvm.dll+0x1e825e]
V  [jvm.dll+0x67c3d2]
V  [jvm.dll+0x67c202]
V  [jvm.dll+0x67a4ae]
V  [jvm.dll+0x26f864]
V  [jvm.dll+0x21a11f]
V  [jvm.dll+0x20f80e]
V  [jvm.dll+0x5b6a7f]
V  [jvm.dll+0x82f606]
V  [jvm.dll+0x4792f8]
V  [jvm.dll+0x47f128]
C  [java.dll+0x17ec]

Java frames: (J=compiled Java code, j=interpreted, Vv=VM code)
J 1147  java.lang.ClassLoader.defineClass1(Ljava/lang/ClassLoader;Ljava/lang/String;[BIILjava/security/ProtectionDomain;Ljava/lang/String;)Ljava/lang/Class; java.base@21.0.12.1 (0 bytes) @ 0x0000023fd81a9b11 [0x0000023fd81a9a40+0x00000000000000d1]
J 1848 c1 java.lang.ClassLoader.defineClass(Ljava/lang/String;[BIILjava/security/ProtectionDomain;)Ljava/lang/Class; java.base@21.0.12.1 (43 bytes) @ 0x0000023fd09a537c [0x0000023fd09a5020+0x000000000000035c]
J 2374 c1 org.eclipse.osgi.internal.loader.ModuleClassLoader.defineClass(Ljava/lang/String;[BLorg/eclipse/osgi/internal/loader/classpath/ClasspathEntry;)Lorg/eclipse/osgi/internal/loader/ModuleClassLoader$DefineClassResult; (67 bytes) @ 0x0000023fd0adce3c [0x0000023fd0adcb20+0x000000000000031c]
J 2167 c1 org.eclipse.osgi.internal.loader.classpath.ClasspathManager.defineClass(Ljava/lang/String;[BLorg/eclipse/osgi/internal/loader/classpath/ClasspathEntry;Lorg/eclipse/osgi/storage/bundlefile/BundleEntry;Ljava/util/List;)Ljava/lang/Class; (636 bytes) @ 0x0000023fd0a63074 [0x0000023fd0a615c0+0x0000000000001ab4]
J 2168 c1 org.eclipse.osgi.internal.loader.classpath.ClasspathManager.findClassImpl(Ljava/lang/String;Lorg/eclipse/osgi/internal/loader/classpath/ClasspathEntry;Ljava/util/List;)Ljava/lang/Class; (328 bytes) @ 0x0000023fd0a69f34 [0x0000023fd0a66940+0x00000000000035f4]
J 2327 c1 org.eclipse.osgi.internal.loader.classpath.ClasspathManager.findLocalClassImpl(Ljava/lang/String;[Lorg/eclipse/osgi/internal/loader/classpath/ClasspathEntry;Ljava/util/List;)Ljava/lang/Class; (55 bytes) @ 0x0000023fd0ac6d64 [0x0000023fd0ac6be0+0x0000000000000184]
J 2165 c1 org.eclipse.osgi.internal.loader.classpath.ClasspathManager.findLocalClassImpl(Ljava/lang/String;Ljava/util/List;)Ljava/lang/Class; (132 bytes) @ 0x0000023fd0a60994 [0x0000023fd0a60460+0x0000000000000534]
J 2006 c1 org.eclipse.osgi.internal.loader.classpath.ClasspathManager.findLocalClass(Ljava/lang/String;)Ljava/lang/Class; (210 bytes) @ 0x0000023fd0a10924 [0x0000023fd0a0fc60+0x0000000000000cc4]
J 2004 c1 org.eclipse.osgi.internal.loader.BundleLoader.findLocalClass(Ljava/lang/String;)Ljava/lang/Class; (159 bytes) @ 0x0000023fd0a0d5d4 [0x0000023fd0a0c9e0+0x0000000000000bf4]
J 1909 c1 org.eclipse.osgi.internal.loader.BundleLoader.findClass0(Ljava/lang/String;ZZ)Ljava/lang/Class; (490 bytes) @ 0x0000023fd09d3614 [0x0000023fd09d0460+0x00000000000031b4]
J 1908 c1 org.eclipse.osgi.internal.loader.BundleLoader.findClass(Ljava/lang/String;)Ljava/lang/Class; (8 bytes) @ 0x0000023fd09cfa4c [0x0000023fd09cf9c0+0x000000000000008c]
J 1955 c1 org.eclipse.osgi.internal.loader.ModuleClassLoader.loadClass(Ljava/lang/String;Z)Ljava/lang/Class; (36 bytes) @ 0x0000023fd09e924c [0x0000023fd09e9020+0x000000000000022c]
J 1034 c1 java.lang.ClassLoader.loadClass(Ljava/lang/String;)Ljava/lang/Class; java.base@21.0.12.1 (7 bytes) @ 0x0000023fd07fc2d4 [0x0000023fd07fc1c0+0x0000000000000114]
v  ~StubRoutines::call_stub 0x0000023fd7b9100d
j  org.eclipse.jdt.core.JavaCore.start(Lorg/osgi/framework/BundleContext;)V+6
j  org.eclipse.osgi.internal.framework.BundleContextImpl$2.run()Ljava/lang/Void;+23
j  org.eclipse.osgi.internal.framework.BundleContextImpl$2.run()Ljava/lang/Object;+1
J 1179 c1 java.security.AccessController.executePrivileged(Ljava/security/PrivilegedExceptionAction;Ljava/security/AccessControlContext;Ljava/lang/Class;)Ljava/lang/Object; java.base@21.0.12.1 (65 bytes) @ 0x0000023fd083fa44 [0x0000023fd083f8e0+0x0000000000000164]
j  java.security.AccessController.doPrivileged(Ljava/security/PrivilegedExceptionAction;)Ljava/lang/Object;+9 java.base@21.0.12.1
j  org.eclipse.osgi.internal.framework.BundleContextImpl.startActivator(Lorg/osgi/framework/BundleActivator;)V+9
j  org.eclipse.osgi.internal.framework.BundleContextImpl.start()V+141
j  org.eclipse.osgi.internal.framework.EquinoxBundle.startWorker0()V+35
j  org.eclipse.osgi.internal.framework.EquinoxBundle$EquinoxModule.startWorker()V+4
j  org.eclipse.osgi.container.Module.doStart([Lorg/eclipse/osgi/container/Module$StartOptions;)Lorg/eclipse/osgi/container/ModuleContainerAdaptor$ModuleEvent;+200
J 2397 c1 org.eclipse.osgi.container.Module.start([Lorg/eclipse/osgi/container/Module$StartOptions;)V (662 bytes) @ 0x0000023fd0ae93bc [0x0000023fd0ae72c0+0x00000000000020fc]
J 2391 c1 org.eclipse.osgi.framework.util.SecureAction.start(Lorg/eclipse/osgi/container/Module;[Lorg/eclipse/osgi/container/Module$StartOptions;)V (61 bytes) @ 0x0000023fd0ae4e9c [0x0000023fd0ae4ce0+0x00000000000001bc]
J 2110 c1 org.eclipse.osgi.internal.hooks.EclipseLazyStarter.postFindLocalClass(Ljava/lang/String;Ljava/lang/Class;Lorg/eclipse/osgi/internal/loader/classpath/ClasspathManager;)V (394 bytes) @ 0x0000023fd0a47094 [0x0000023fd0a460c0+0x0000000000000fd4]
J 2006 c1 org.eclipse.osgi.internal.loader.classpath.ClasspathManager.findLocalClass(Ljava/lang/String;)Ljava/lang/Class; (210 bytes) @ 0x0000023fd0a10c74 [0x0000023fd0a0fc60+0x0000000000001014]
J 2004 c1 org.eclipse.osgi.internal.loader.BundleLoader.findLocalClass(Ljava/lang/String;)Ljava/lang/Class; (159 bytes) @ 0x0000023fd0a0d5d4 [0x0000023fd0a0c9e0+0x0000000000000bf4]
J 2498 c1 org.eclipse.osgi.internal.loader.sources.SingleSourcePackage.loadClass(Ljava/lang/String;)Ljava/lang/Class; (9 bytes) @ 0x0000023fd0b1784c [0x0000023fd0b17740+0x000000000000010c]
J 1909 c1 org.eclipse.osgi.internal.loader.BundleLoader.findClass0(Ljava/lang/String;ZZ)Ljava/lang/Class; (490 bytes) @ 0x0000023fd09d351c [0x0000023fd09d0460+0x00000000000030bc]
J 1908 c1 org.eclipse.osgi.internal.loader.BundleLoader.findClass(Ljava/lang/String;)Ljava/lang/Class; (8 bytes) @ 0x0000023fd09cfa4c [0x0000023fd09cf9c0+0x000000000000008c]
J 1955 c1 org.eclipse.osgi.internal.loader.ModuleClassLoader.loadClass(Ljava/lang/String;Z)Ljava/lang/Class; (36 bytes) @ 0x0000023fd09e924c [0x0000023fd09e9020+0x000000000000022c]
J 1034 c1 java.lang.ClassLoader.loadClass(Ljava/lang/String;)Ljava/lang/Class; java.base@21.0.12.1 (7 bytes) @ 0x0000023fd07fc2d4 [0x0000023fd07fc1c0+0x0000000000000114]
v  ~StubRoutines::call_stub 0x0000023fd7b9100d
j  java.lang.Class.getDeclaredConstructors0(Z)[Ljava/lang/reflect/Constructor;+0 java.base@21.0.12.1
j  java.lang.Class.privateGetDeclaredConstructors(Z)[Ljava/lang/reflect/Constructor;+52 java.base@21.0.12.1
j  java.lang.Class.getConstructor0([Ljava/lang/Class;I)Ljava/lang/reflect/Constructor;+14 java.base@21.0.12.1
j  java.lang.Class.getConstructor([Ljava/lang/Class;)Ljava/lang/reflect/Constructor;+24 java.base@21.0.12.1
j  org.eclipse.osgi.internal.framework.BundleContextImpl.loadBundleActivator()Lorg/osgi/framework/BundleActivator;+105
j  org.eclipse.osgi.internal.framework.BundleContextImpl.start()V+18
j  org.eclipse.osgi.internal.framework.EquinoxBundle.startWorker0()V+35
j  org.eclipse.osgi.internal.framework.EquinoxBundle$EquinoxModule.startWorker()V+4
j  org.eclipse.osgi.container.Module.doStart([Lorg/eclipse/osgi/container/Module$StartOptions;)Lorg/eclipse/osgi/container/ModuleContainerAdaptor$ModuleEvent;+200
j  org.eclipse.osgi.container.Module.start([Lorg/eclipse/osgi/container/Module$StartOptions;)V+460
j  org.eclipse.osgi.container.ModuleContainer$ContainerStartLevel$2.run()V+83
j  org.eclipse.osgi.internal.framework.EquinoxContainerAdaptor$1$1.execute(Ljava/lang/Runnable;)V+1
j  org.eclipse.osgi.container.ModuleContainer$ContainerStartLevel.incStartLevel(ILjava/util/List;Z)V+193
j  org.eclipse.osgi.container.ModuleContainer$ContainerStartLevel.incStartLevel(ILjava/util/List;Ljava/util/List;Ljava/util/List;Ljava/util/List;)V+19
j  org.eclipse.osgi.container.ModuleContainer$ContainerStartLevel.doContainerStartLevel(Lorg/eclipse/osgi/container/Module;I[Lorg/osgi/framework/FrameworkListener;)V+358
j  org.eclipse.osgi.container.ModuleContainer$ContainerStartLevel.dispatchEvent(Lorg/eclipse/osgi/container/Module;[Lorg/osgi/framework/FrameworkListener;ILjava/lang/Integer;)V+32
j  org.eclipse.osgi.container.ModuleContainer$ContainerStartLevel.dispatchEvent(Ljava/lang/Object;Ljava/lang/Object;ILjava/lang/Object;)V+15
j  org.eclipse.osgi.framework.eventmgr.EventManager.dispatchEvent(Ljava/util/Set;Lorg/eclipse/osgi/framework/eventmgr/EventDispatcher;ILjava/lang/Object;)V+48
j  org.eclipse.osgi.framework.eventmgr.EventManager$EventThread.run()V+26
v  ~StubRoutines::call_stub 0x0000023fd7b9100d

Compiled method (n/a) 4101 1147     n 0       java.lang.ClassLoader::defineClass1 (native)
 total in heap  [0x0000023fd81a9890,0x0000023fd81a9d18] = 1160
 relocation     [0x0000023fd81a99f0,0x0000023fd81a9a28] = 56
 main code      [0x0000023fd81a9a40,0x0000023fd81a9d16] = 726
 stub code      [0x0000023fd81a9d16,0x0000023fd81a9d18] = 2

[Constant Pool (empty)]

[MachCode]
[Entry Point]
  # {method} {0x0000023f80434c38} 'defineClass1' '(Ljava/lang/ClassLoader;Ljava/lang/String;[BIILjava/security/ProtectionDomain;Ljava/lang/String;)Ljava/lang/Class;' in 'java/lang/ClassLoader'
  # parm0:    rdx:rdx   = 'java/lang/ClassLoader'
  # parm1:    r8:r8     = 'java/lang/String'
  # parm2:    r9:r9     = '[B'
  # parm3:    rdi       = int
  # parm4:    rsi       = int
  # parm5:    rcx:rcx   = 'java/security/ProtectionDomain'
  # parm6:    [sp+0xa0]   = 'java/lang/String'  (sp of caller)
  0x0000023fd81a9a40: 448b 5208 | 49bb 0000 | 0080 3f02 | 0000 4d03 | d349 3bc2 | 0f84 0600 

  0x0000023fd81a9a58: ;   {runtime_call ic_miss_stub}
  0x0000023fd81a9a58: 0000 e921 | 4aa3 ff90 
[Verified Entry Point]
  0x0000023fd81a9a60: 8984 2400 | 80ff ff55 | 488b ec48 | 81ec 9000 | 0000 6690 | 4181 7f20 | 0100 0000 

  0x0000023fd81a9a7c: ;   {runtime_call StubRoutines (final stubs)}
  0x0000023fd81a9a7c: 7405 e85d | efa1 ff48 | 837d 1000 | 488d 4510 | 480f 4445 | 1048 8944 | 2440 4889 | 4c24 7048 
  0x0000023fd81a9a9c: 83f9 0048 | 8d44 2470 | 480f 4444 | 2470 4889 | 4424 3848 | 8974 2430 | 4889 7c24 | 284c 894c 
  0x0000023fd81a9abc: 2458 4983 | f900 488d | 4424 5848 | 0f44 4424 | 5848 8944 | 2420 4c89 | 4424 5049 | 83f8 004c 
  0x0000023fd81a9adc: 8d4c 2450 | 4c0f 444c | 2450 4889 | 5424 4848 | 83fa 004c | 8d44 2448 | 4c0f 4444 

  0x0000023fd81a9af8: ;   {oop(a 'java/lang/Class'{0x00000000d7286b68} = 'java/lang/ClassLoader')}
  0x0000023fd81a9af8: 2448 49be | 686b 28d7 | 0000 0000 | 4c89 7424 | 784c 8d74 | 2478 498b | d6c5 f877 

  0x0000023fd81a9b14: ;   {internal_word}
  0x0000023fd81a9b14: 49ba 119b | 1ad8 3f02 | 0000 4d89 | 97a8 0300 | 0049 89a7 | a003 0000 

  0x0000023fd81a9b2c: ;   {external_word}
  0x0000023fd81a9b2c: 49ba 066d | e2f9 ff7f | 0000 4180 | 3a00 0f84 | 4e00 0000 | 5241 5041 

  0x0000023fd81a9b44: ;   {metadata({method} {0x0000023f80434c38} 'defineClass1' '(Ljava/lang/ClassLoader;Ljava/lang/String;[BIILjava/security/ProtectionDomain;Ljava/lang/String;)Ljava/lang/Class;' in 'java/lang/ClassLoader')}
  0x0000023fd81a9b44: 5148 ba30 | 4c43 803f | 0200 0049 | 8bcf 4883 | ec20 40f6 | c40f 0f84 | 1900 0000 | 4883 ec08 
  0x0000023fd81a9b64: ;   {runtime_call}
  0x0000023fd81a9b64: 48b8 e0ea | 8bf9 ff7f | 0000 ffd0 | 4883 c408 | e90c 0000 

  0x0000023fd81a9b78: ;   {runtime_call}
  0x0000023fd81a9b78: 0048 b8e0 | ea8b f9ff | 7f00 00ff | d048 83c4 | 2041 5941 | 585a 498d | 8fc0 0300 | 0041 c787 
  0x0000023fd81a9b98: 4c04 0000 | 0400 0000 

  0x0000023fd81a9ba0: ;   {runtime_call}
  0x0000023fd81a9ba0: 48b8 ac16 | b68a f87f | 0000 ffd0 | c5f8 7741 | c787 4c04 | 0000 0500 | 0000 f083 | 4424 c000 
  0x0000023fd81a9bc0: 493b af50 | 0400 000f | 870e 0000 | 0041 83bf | 4804 0000 | 000f 842b | 0000 00c5 | f877 4889 
  0x0000023fd81a9be0: 45f8 498b | cf4c 8be4 | 4883 ec20 | 4883 e4f0 

  0x0000023fd81a9bf0: ;   {runtime_call}
  0x0000023fd81a9bf0: 48b8 0058 | 57f9 ff7f | 0000 ffd0 | 498b e44d | 33e4 488b | 45f8 41c7 | 874c 0400 | 0008 0000 
  0x0000023fd81a9c10: 0041 83bf | c804 0000 | 020f 84ca 

  0x0000023fd81a9c1c: ;   {external_word}
  0x0000023fd81a9c1c: 0000 0049 | ba06 6de2 | f9ff 7f00 | 0041 803a | 000f 844c | 0000 0048 

  0x0000023fd81a9c34: ;   {metadata({method} {0x0000023f80434c38} 'defineClass1' '(Ljava/lang/ClassLoader;Ljava/lang/String;[BIILjava/security/ProtectionDomain;Ljava/lang/String;)Ljava/lang/Class;' in 'java/lang/ClassLoader')}
  0x0000023fd81a9c34: 8945 f848 | ba30 4c43 | 803f 0200 | 0049 8bcf | 4883 ec20 | 40f6 c40f | 0f84 1900 | 0000 4883 
  0x0000023fd81a9c54: ;   {runtime_call}
  0x0000023fd81a9c54: ec08 48b8 | e0ea 8bf9 | ff7f 0000 | ffd0 4883 | c408 e90c 

  0x0000023fd81a9c68: ;   {runtime_call}
  0x0000023fd81a9c68: 0000 0048 | b8e0 ea8b | f9ff 7f00 | 00ff d048 | 83c4 2048 | 8b45 f849 | c787 a003 | 0000 0000 
  0x0000023fd81a9c88: 0000 49c7 | 87a8 0300 | 0000 0000 | 00c5 f877 | 4885 c00f | 8425 0000 | 00a8 030f | 8508 0000 
  0x0000023fd81a9ca8: 0048 8b00 | e915 0000 | 00a8 010f | 8509 0000 | 0048 8b40 | fee9 0400 | 0000 488b | 40ff 498b 
  0x0000023fd81a9cc8: 8f30 0400 | 00c7 8100 | 0100 0000 | 0000 00c9 | 4983 7f08 | 000f 8501 | 0000 00c3 

  0x0000023fd81a9ce4: ;   {runtime_call StubRoutines (initial stubs)}
  0x0000023fd81a9ce4: e917 729e | ffc5 f877 | 4889 45f8 | 4c8b e448 | 83ec 2048 

  0x0000023fd81a9cf8: ;   {runtime_call}
  0x0000023fd81a9cf8: 83e4 f048 | b830 228c | f9ff 7f00 | 00ff d049 | 8be4 4d33 | e448 8b45 | f8e9 09ff | ffff f4f4 
[/MachCode]


Compiled method (c1) 4109 1848       3       java.lang.ClassLoader::defineClass (43 bytes)
 total in heap  [0x0000023fd09a4e10,0x0000023fd09a5770] = 2400
 relocation     [0x0000023fd09a4f70,0x0000023fd09a5010] = 160
 main code      [0x0000023fd09a5020,0x0000023fd09a54c0] = 1184
 stub code      [0x0000023fd09a54c0,0x0000023fd09a5538] = 120
 metadata       [0x0000023fd09a5538,0x0000023fd09a5568] = 48
 scopes data    [0x0000023fd09a5568,0x0000023fd09a5658] = 240
 scopes pcs     [0x0000023fd09a5658,0x0000023fd09a5738] = 224
 dependencies   [0x0000023fd09a5738,0x0000023fd09a5748] = 16
 nul chk table  [0x0000023fd09a5748,0x0000023fd09a5770] = 40

[Constant Pool (empty)]

[MachCode]
[Entry Point]
  # {method} {0x0000023f80434fb8} 'defineClass' '(Ljava/lang/String;[BIILjava/security/ProtectionDomain;)Ljava/lang/Class;' in 'java/lang/ClassLoader'
  # this:     rdx:rdx   = 'java/lang/ClassLoader'
  # parm0:    r8:r8     = 'java/lang/String'
  # parm1:    r9:r9     = '[B'
  # parm2:    rdi       = int
  # parm3:    rsi       = int
  # parm4:    rcx:rcx   = 'java/security/ProtectionDomain'
  #           [sp+0xc0]  (sp of caller)
  0x0000023fd09a5020: 448b 5208 | 49bb 0000 | 0080 3f02 | 0000 4d03 | d34c 3bd0 

  0x0000023fd09a5034: ;   {runtime_call ic_miss_stub}
  0x0000023fd09a5034: 0f85 4694 | 2307 660f | 1f44 0000 
[Verified Entry Point]
  0x0000023fd09a5040: 8984 2400 | 80ff ff55 | 4881 ecb0 | 0000 0090 | 4181 7f20 | 0100 0000 

  0x0000023fd09a5058: ;   {runtime_call StubRoutines (final stubs)}
  0x0000023fd09a5058: 7405 e881 | 3922 0748 | 8954 2478 

  0x0000023fd09a5064: ;   {metadata(method data for {method} {0x0000023f80434fb8} 'defineClass' '(Ljava/lang/String;[BIILjava/security/ProtectionDomain;)Ljava/lang/Class;' in 'java/lang/ClassLoader')}
  0x0000023fd09a5064: 48bb 30bc | 37e6 3f02 | 0000 8b83 | cc00 0000 | 83c0 0289 | 83cc 0000 | 0025 fe07 | 0000 85c0 
  0x0000023fd09a5084: 0f84 5803 | 0000 89b4 | 2494 0000 | 0089 bc24 | 9000 0000 | 4c89 8c24 | 8800 0000 

  0x0000023fd09a50a0: ;   {metadata(method data for {method} {0x0000023f80434fb8} 'defineClass' '(Ljava/lang/String;[BIILjava/security/ProtectionDomain;)Ljava/lang/Class;' in 'java/lang/ClassLoader')}
  0x0000023fd09a50a0: 488b da48 | b830 bc37 | e63f 0200 | 0048 8380 | 1001 0000 | 0149 8bd8 | 4c8b c34c | 8bc9 488b 
  0x0000023fd09a50c0: ca48 8bd1 | 4889 9c24 | 8000 0000 

  0x0000023fd09a50cc: ;   {optimized virtual_call}
  0x0000023fd09a50cc: 6666 90e8 

  0x0000023fd09a50d0: ; ImmutableOopMap {[120]=Oop [128]=Oop [136]=Oop }
                      ;*invokevirtual preDefineClass {reexecute=0 rethrow=0 return_oop=0}
                      ; - java.lang.ClassLoader::defineClass@4
  0x0000023fd09a50d0: cc28 efff 

  0x0000023fd09a50d4: ;   {other}
  0x0000023fd09a50d4: 0f1f 8400 | c402 0000 | 4889 8424 | 9800 0000 | 488b 5424 

  0x0000023fd09a50e8: ;   {metadata(method data for {method} {0x0000023f80434fb8} 'defineClass' '(Ljava/lang/String;[BIILjava/security/ProtectionDomain;)Ljava/lang/Class;' in 'java/lang/ClassLoader')}
  0x0000023fd09a50e8: 7849 b830 | bc37 e63f | 0200 0049 | 8380 4801 

  0x0000023fd09a50f8: ;   {metadata(method data for {method} {0x0000023f80434ca0} 'defineClassSourceLocation' '(Ljava/security/ProtectionDomain;)Ljava/lang/String;' in 'java/lang/ClassLoader')}
  0x0000023fd09a50f8: 0000 0149 | b848 c337 | e63f 0200 | 0041 8b90 | cc00 0000 | 83c2 0241 | 8990 cc00 | 0000 81e2 
  0x0000023fd09a5118: feff 1f00 | 85d2 0f84 | df02 0000 

  0x0000023fd09a5124: ; implicit exception: dispatches to 0x0000023fd09a5424
  0x0000023fd09a5124: 483b 004c 

  0x0000023fd09a5128: ;   {metadata(method data for {method} {0x0000023f80434ca0} 'defineClassSourceLocation' '(Ljava/security/ProtectionDomain;)Ljava/lang/String;' in 'java/lang/ClassLoader')}
  0x0000023fd09a5128: 8bc0 48ba | 48c3 37e6 | 3f02 0000 | 4883 8210 | 0100 0001 | 448b 4010 

  0x0000023fd09a5140: ;   {metadata(method data for {method} {0x0000023f80434ca0} 'defineClassSourceLocation' '(Ljava/security/ProtectionDomain;)Ljava/lang/String;' in 'java/lang/ClassLoader')}
  0x0000023fd09a5140: 4d85 c048 | ba48 c337 | e63f 0200 | 0048 c7c6 | 5801 0000 | 7507 48c7 | c648 0100 | 0048 8b3c 
  0x0000023fd09a5160: 3248 8d7f | 0148 893c | 320f 850f 

  0x0000023fd09a516c: ;   {oop(nullptr)}
  0x0000023fd09a516c: 0000 0048 | bb00 0000 | 0000 0000 | 00e9 a901 | 0000 493b | 0049 8bd0 

  0x0000023fd09a5184: ;   {metadata(method data for {method} {0x0000023f80434ca0} 'defineClassSourceLocation' '(Ljava/security/ProtectionDomain;)Ljava/lang/String;' in 'java/lang/ClassLoader')}
  0x0000023fd09a5184: 48be 48c3 | 37e6 3f02 | 0000 4883 | 8668 0100 | 0001 418b | 500c 4885 

  0x0000023fd09a519c: ;   {metadata(method data for {method} {0x0000023f80434ca0} 'defineClassSourceLocation' '(Ljava/security/ProtectionDomain;)Ljava/lang/String;' in 'java/lang/ClassLoader')}
  0x0000023fd09a519c: d248 be48 | c337 e63f | 0200 0048 | c7c7 b001 | 0000 7507 | 48c7 c7a0 | 0100 0048 | 8b1c 3e48 
  0x0000023fd09a51bc: 8d5b 0148 | 891c 3e0f | 850f 0000 

  0x0000023fd09a51c8: ;   {oop(nullptr)}
  0x0000023fd09a51c8: 0048 bb00 | 0000 0000 | 0000 00e9 | 4f01 0000 

  0x0000023fd09a51d8: ;   {metadata(method data for {method} {0x0000023f80434ca0} 'defineClassSourceLocation' '(Ljava/security/ProtectionDomain;)Ljava/lang/String;' in 'java/lang/ClassLoader')}
  0x0000023fd09a51d8: 48be 48c3 | 37e6 3f02 | 0000 4883 | 86c0 0100 | 0001 483b | 024c 8bc2 

  0x0000023fd09a51f0: ;   {metadata(method data for {method} {0x0000023f80434ca0} 'defineClassSourceLocation' '(Ljava/security/ProtectionDomain;)Ljava/lang/String;' in 'java/lang/ClassLoader')}
  0x0000023fd09a51f0: 48be 48c3 | 37e6 3f02 | 0000 4883 | 86f8 0100 

  0x0000023fd09a5200: ;   {metadata(method data for {method} {0x0000023f8001abf0} 'toString' '()Ljava/lang/String;' in 'java/net/URL')}
  0x0000023fd09a5200: 0001 49b8 | 18b7 37e6 | 3f02 0000 | 418b b0cc | 0000 0083 | c602 4189 | b0cc 0000 | 0081 e6fe 
  0x0000023fd09a5220: ff1f 0085 | f60f 8408 | 0200 004c 

  0x0000023fd09a522c: ;   {metadata(method data for {method} {0x0000023f8001abf0} 'toString' '()Ljava/lang/String;' in 'java/net/URL')}
  0x0000023fd09a522c: 8bc2 48be | 18b7 37e6 | 3f02 0000 | 4883 8610 | 0100 0001 

  0x0000023fd09a5240: ;   {metadata(method data for {method} {0x0000023f80428840} 'toExternalForm' '()Ljava/lang/String;' in 'java/net/URL')}
  0x0000023fd09a5240: 49b8 e030 | 37e6 3f02 | 0000 418b | b0cc 0000 | 0083 c602 | 4189 b0cc | 0000 0081 | e6fe ff1f 
  0x0000023fd09a5260: 0085 f60f | 84eb 0100 | 008b 7238 

  0x0000023fd09a526c: ; implicit exception: dispatches to 0x0000023fd09a5475
  0x0000023fd09a526c: 483b 064c 

  0x0000023fd09a5270: ;   {metadata(method data for {method} {0x0000023f80428840} 'toExternalForm' '()Ljava/lang/String;' in 'java/net/URL')}
  0x0000023fd09a5270: 8bc6 48bf | e030 37e6 | 3f02 0000 | 458b 4008 | 49ba 0000 | 0080 3f02 | 0000 4d03 | c24c 3b87 
  0x0000023fd09a5290: 2001 0000 | 750d 4883 | 8728 0100 | 0001 e960 | 0000 004c | 3b87 3001 | 0000 750d | 4883 8738 
  0x0000023fd09a52b0: 0100 0001 | e94a 0000 | 0048 83bf | 2001 0000 | 0075 174c | 8987 2001 | 0000 48c7 | 8728 0100 
  0x0000023fd09a52d0: 0001 0000 | 00e9 2900 | 0000 4883 | bf30 0100 | 0000 7517 | 4c89 8730 | 0100 0048 | c787 3801 
  0x0000023fd09a52f0: 0000 0100 | 0000 e908 | 0000 0048 | 8387 1001 | 0000 014c | 8bc2 488b | d60f 1f40 | 0048 b8ff 
  0x0000023fd09a5310: ffff ffff 

  0x0000023fd09a5314: ;   {virtual_call}
  0x0000023fd09a5314: ffff ffe8 

  0x0000023fd09a5318: ; ImmutableOopMap {[120]=Oop [128]=Oop [136]=Oop [152]=Oop }
                      ;*invokevirtual toExternalForm {reexecute=0 rethrow=0 return_oop=0}
                      ; - java.net.URL::toExternalForm@5
                      ; - java.net.URL::toString@1
                      ; - java.lang.ClassLoader::defineClassSourceLocation@22
                      ; - java.lang.ClassLoader::defineClass@12
  0x0000023fd09a5318: b458 2f07 

  0x0000023fd09a531c: ;   {other}
  0x0000023fd09a531c: 0f1f 8400 | 0c05 0001 | 488b d848 | 8b84 2498 | 0000 008b | b424 9400 | 0000 8bbc | 2490 0000 
  0x0000023fd09a533c: 004c 8b8c | 2488 0000 | 004c 8b84 | 2480 0000 | 0048 8b54 

  0x0000023fd09a5350: ;   {metadata(method data for {method} {0x0000023f80434fb8} 'defineClass' '(Ljava/lang/String;[BIILjava/security/ProtectionDomain;)Ljava/lang/Class;' in 'java/lang/ClassLoader')}
  0x0000023fd09a5350: 2478 48b9 | 30bc 37e6 | 3f02 0000 | 4883 8180 | 0100 0001 | 4c8b da49 | 8bd3 488b | c848 891c 
  0x0000023fd09a5370: 2466 0f1f 

  0x0000023fd09a5374: ;   {static_call}
  0x0000023fd09a5374: 4400 00e8 

  0x0000023fd09a5378: ; ImmutableOopMap {[120]=Oop [152]=Oop }
                      ;*invokestatic defineClass1 {reexecute=0 rethrow=0 return_oop=0}
                      ; - java.lang.ClassLoader::defineClass@27
  0x0000023fd09a5378: e446 8007 

  0x0000023fd09a537c: ;   {other}
  0x0000023fd09a537c: 0f1f 8400 | 6c05 0002 | 488b 5424 

  0x0000023fd09a5388: ;   {metadata(method data for {method} {0x0000023f80434fb8} 'defineClass' '(Ljava/lang/String;[BIILjava/security/ProtectionDomain;)Ljava/lang/Class;' in 'java/lang/ClassLoader')}
  0x0000023fd09a5388: 7849 b830 | bc37 e63f | 0200 0049 | 8380 9001 | 0000 014c | 8bc0 4c8b | 8c24 9800 | 0000 488b 
  0x0000023fd09a53a8: 5424 7848 | 8984 24a0 | 0000 000f 

  0x0000023fd09a53b4: ;   {optimized virtual_call}
  0x0000023fd09a53b4: 1f40 00e8 

  0x0000023fd09a53b8: ; ImmutableOopMap {[160]=Oop }
                      ;*invokevirtual postDefineClass {reexecute=0 rethrow=0 return_oop=0}
                      ; - java.lang.ClassLoader::defineClass@37
  0x0000023fd09a53b8: 6480 f8ff 

  0x0000023fd09a53bc: ;   {other}
  0x0000023fd09a53bc: 0f1f 8400 | ac05 0003 | 488b 8424 | a000 0000 | 4881 c4b0 | 0000 005d 

  0x0000023fd09a53d4: ;   {poll_return}
  0x0000023fd09a53d4: 493b a750 | 0400 000f | 8799 0000 

  0x0000023fd09a53e0: ;   {metadata({method} {0x0000023f80434fb8} 'defineClass' '(Ljava/lang/String;[BIILjava/security/ProtectionDomain;)Ljava/lang/Class;' in 'java/lang/ClassLoader')}
  0x0000023fd09a53e0: 00c3 49ba | b04f 4380 | 3f02 0000 | 4c89 5424 | 0848 c704 | 24ff ffff 

  0x0000023fd09a53f8: ;   {runtime_call counter_overflow Runtime1 stub}
  0x0000023fd09a53f8: ffe8 02cf 

  0x0000023fd09a53fc: ; ImmutableOopMap {rdx=Oop r8=Oop r9=Oop rcx=Oop [120]=Oop }
                      ;*synchronization entry
                      ; - java.lang.ClassLoader::defineClass@-1
  0x0000023fd09a53fc: 2e07 e987 

  0x0000023fd09a5400: ;   {metadata({method} {0x0000023f80434ca0} 'defineClassSourceLocation' '(Ljava/security/ProtectionDomain;)Ljava/lang/String;' in 'java/lang/ClassLoader')}
  0x0000023fd09a5400: fcff ff49 | ba98 4c43 | 803f 0200 | 004c 8954 | 2408 48c7 | 0424 ffff 

  0x0000023fd09a5418: ;   {runtime_call counter_overflow Runtime1 stub}
  0x0000023fd09a5418: ffff e8e1 

  0x0000023fd09a541c: ; ImmutableOopMap {rax=Oop [120]=Oop [128]=Oop [136]=Oop [152]=Oop }
                      ;*synchronization entry
                      ; - java.lang.ClassLoader::defineClassSourceLocation@-1
                      ; - java.lang.ClassLoader::defineClass@12
  0x0000023fd09a541c: ce2e 07e9 | 00fd ffff 

  0x0000023fd09a5424: ;   {runtime_call throw_null_pointer_exception Runtime1 stub}
  0x0000023fd09a5424: e8d7 7d2e 

  0x0000023fd09a5428: ; ImmutableOopMap {rax=Oop [120]=Oop [128]=Oop [136]=Oop [152]=Oop }
                      ;*invokevirtual getCodeSource {reexecute=0 rethrow=0 return_oop=0}
                      ; - java.lang.ClassLoader::defineClassSourceLocation@1
                      ; - java.lang.ClassLoader::defineClass@12
                      ;   {runtime_call throw_null_pointer_exception Runtime1 stub}
  0x0000023fd09a5428: 07e8 d27d 

  0x0000023fd09a542c: ; ImmutableOopMap {rax=Oop r8=Oop [120]=Oop [128]=Oop [136]=Oop [152]=Oop }
                      ;*invokevirtual getLocation {reexecute=0 rethrow=0 return_oop=0}
                      ; - java.lang.ClassLoader::defineClassSourceLocation@12
                      ; - java.lang.ClassLoader::defineClass@12
                      ;   {runtime_call throw_null_pointer_exception Runtime1 stub}
  0x0000023fd09a542c: 2e07 e8cd 

  0x0000023fd09a5430: ; ImmutableOopMap {rdx=Oop [120]=Oop [128]=Oop [136]=Oop [152]=Oop }
                      ;*invokevirtual toString {reexecute=0 rethrow=0 return_oop=0}
                      ; - java.lang.ClassLoader::defineClassSourceLocation@22
                      ; - java.lang.ClassLoader::defineClass@12
                      ;   {metadata({method} {0x0000023f8001abf0} 'toString' '()Ljava/lang/String;' in 'java/net/URL')}
  0x0000023fd09a5430: 7d2e 0749 | bae8 ab01 | 803f 0200 | 004c 8954 | 2408 48c7 | 0424 ffff 

  0x0000023fd09a5448: ;   {runtime_call counter_overflow Runtime1 stub}
  0x0000023fd09a5448: ffff e8b1 

  0x0000023fd09a544c: ; ImmutableOopMap {rdx=Oop [120]=Oop [128]=Oop [136]=Oop [152]=Oop }
                      ;*synchronization entry
                      ; - java.net.URL::toString@-1
                      ; - java.lang.ClassLoader::defineClassSourceLocation@22
                      ; - java.lang.ClassLoader::defineClass@12
  0x0000023fd09a544c: ce2e 07e9 | d7fd ffff 

  0x0000023fd09a5454: ;   {metadata({method} {0x0000023f80428840} 'toExternalForm' '()Ljava/lang/String;' in 'java/net/URL')}
  0x0000023fd09a5454: 49ba 3888 | 4280 3f02 | 0000 4c89 | 5424 0848 | c704 24ff 

  0x0000023fd09a5468: ;   {runtime_call counter_overflow Runtime1 stub}
  0x0000023fd09a5468: ffff ffe8 

  0x0000023fd09a546c: ; ImmutableOopMap {rdx=Oop [120]=Oop [128]=Oop [136]=Oop [152]=Oop }
                      ;*synchronization entry
                      ; - java.net.URL::toExternalForm@-1
                      ; - java.net.URL::toString@1
                      ; - java.lang.ClassLoader::defineClassSourceLocation@22
                      ; - java.lang.ClassLoader::defineClass@12
  0x0000023fd09a546c: 90ce 2e07 | e9f4 fdff 

  0x0000023fd09a5474: ;   {runtime_call throw_null_pointer_exception Runtime1 stub}
  0x0000023fd09a5474: ffe8 867d 

  0x0000023fd09a5478: ; ImmutableOopMap {rdx=Oop rsi=Oop [120]=Oop [128]=Oop [136]=Oop [152]=Oop }
                      ;*invokevirtual toExternalForm {reexecute=0 rethrow=0 return_oop=0}
                      ; - java.net.URL::toExternalForm@5
                      ; - java.net.URL::toString@1
                      ; - java.lang.ClassLoader::defineClassSourceLocation@22
                      ; - java.lang.ClassLoader::defineClass@12
                      ;   {internal_word}
  0x0000023fd09a5478: 2e07 49ba | d453 9ad0 | 3f02 0000 | 4d89 9768 

  0x0000023fd09a5488: ;   {runtime_call SafepointBlob}
  0x0000023fd09a5488: 0400 00e9 | 70f6 2307 | 498b 8700 | 0500 0049 | c787 0005 | 0000 0000 | 0000 49c7 | 8708 0500 
  0x0000023fd09a54a8: 0000 0000 | 0048 81c4 | b000 0000 

  0x0000023fd09a54b4: ;   {runtime_call unwind_exception Runtime1 stub}
  0x0000023fd09a54b4: 5de9 466e | 2e07 f4f4 | f4f4 f4f4 
[Stub Code]
  0x0000023fd09a54c0: ;   {no_reloc}
  0x0000023fd09a54c0: 0f1f 4400 

  0x0000023fd09a54c4: ;   {static_stub}
  0x0000023fd09a54c4: 0048 bb00 | 0000 0000 

  0x0000023fd09a54cc: ;   {runtime_call nmethod}
  0x0000023fd09a54cc: 0000 00e9 | fbff ffff 

  0x0000023fd09a54d4: ;   {static_stub}
  0x0000023fd09a54d4: 48bb 0000 | 0000 0000 

  0x0000023fd09a54dc: ;   {runtime_call nmethod}
  0x0000023fd09a54dc: 0000 e9fb 

  0x0000023fd09a54e0: ;   {static_stub}
  0x0000023fd09a54e0: ffff ff48 | bb00 0000 | 0000 0000 

  0x0000023fd09a54ec: ;   {runtime_call nmethod}
  0x0000023fd09a54ec: 00e9 fbff 

  0x0000023fd09a54f0: ;   {static_stub}
  0x0000023fd09a54f0: ffff 48bb | 0000 0000 | 0000 0000 

  0x0000023fd09a54fc: ;   {runtime_call nmethod}
  0x0000023fd09a54fc: e9fb ffff 

  0x0000023fd09a5500: ;   {runtime_call handle_exception_from_callee Runtime1 stub}
  0x0000023fd09a5500: ffe8 fa9a 

  0x0000023fd09a5504: ;   {external_word}
  0x0000023fd09a5504: 2e07 48b9 | 5063 b8f9 | ff7f 0000 | 4883 e4f0 

  0x0000023fd09a5514: ;   {runtime_call}
  0x0000023fd09a5514: 48b8 c0c9 | 7af9 ff7f | 0000 ffd0 

  0x0000023fd09a5520: ;   {section_word}
  0x0000023fd09a5520: f449 ba21 | 559a d03f | 0200 0041 

  0x0000023fd09a552c: ;   {runtime_call DeoptimizationBlob}
  0x0000023fd09a552c: 52e9 6ee8 | 2307 f4f4 | f4f4 f4f4 
[/MachCode]


Compiled method (c1) 4127 2374   !   3       org.eclipse.osgi.internal.loader.ModuleClassLoader::defineClass (67 bytes)
 total in heap  [0x0000023fd0adc910,0x0000023fd0add4f0] = 3040
 relocation     [0x0000023fd0adca70,0x0000023fd0adcb18] = 168
 main code      [0x0000023fd0adcb20,0x0000023fd0add120] = 1536
 stub code      [0x0000023fd0add120,0x0000023fd0add190] = 112
 oops           [0x0000023fd0add190,0x0000023fd0add198] = 8
 metadata       [0x0000023fd0add198,0x0000023fd0add1d8] = 64
 scopes data    [0x0000023fd0add1d8,0x0000023fd0add328] = 336
 scopes pcs     [0x0000023fd0add328,0x0000023fd0add438] = 272
 dependencies   [0x0000023fd0add438,0x0000023fd0add450] = 24
 handler table  [0x0000023fd0add450,0x0000023fd0add4c8] = 120
 nul chk table  [0x0000023fd0add4c8,0x0000023fd0add4f0] = 40

[Constant Pool (empty)]

[MachCode]
[Entry Point]
  # {method} {0x0000023fe65dfd38} 'defineClass' '(Ljava/lang/String;[BLorg/eclipse/osgi/internal/loader/classpath/ClasspathEntry;)Lorg/eclipse/osgi/internal/loader/ModuleClassLoader$DefineClassResult;' in 'org/eclipse/osgi/internal/loader/ModuleClassLoader'
  # this:     rdx:rdx   = 'org/eclipse/osgi/internal/loader/ModuleClassLoader'
  # parm0:    r8:r8     = 'java/lang/String'
  # parm1:    r9:r9     = '[B'
  # parm2:    rdi:rdi   = 'org/eclipse/osgi/internal/loader/classpath/ClasspathEntry'
  #           [sp+0xb0]  (sp of caller)
  0x0000023fd0adcb20: 448b 5208 | 49bb 0000 | 0080 3f02 | 0000 4d03 | d34c 3bd0 

  0x0000023fd0adcb34: ;   {runtime_call ic_miss_stub}
  0x0000023fd0adcb34: 0f85 4619 | 1007 660f | 1f44 0000 
[Verified Entry Point]
  0x0000023fd0adcb40: 8984 2400 | 80ff ff55 | 4881 eca0 | 0000 0090 | 4181 7f20 | 0100 0000 

  0x0000023fd0adcb58: ;   {runtime_call StubRoutines (final stubs)}
  0x0000023fd0adcb58: 7405 e881 

  0x0000023fd0adcb5c: ;   {metadata(method data for {method} {0x0000023fe65dfd38} 'defineClass' '(Ljava/lang/String;[BLorg/eclipse/osgi/internal/loader/classpath/ClasspathEntry;)Lorg/eclipse/osgi/internal/loader/ModuleClassLoader$DefineClassResult;' in 'org/eclipse/osgi/internal/loader/ModuleClassLoader')}
  0x0000023fd0adcb5c: be0e 0748 | be50 ddab | e63f 0200 | 008b 9ecc | 0000 0083 | c302 899e | cc00 0000 | 81e3 fe07 
  0x0000023fd0adcb7c: 0000 85db | 0f84 5304 | 0000 4889 | 7c24 704c | 894c 2468 

  0x0000023fd0adcb90: ;   {metadata(method data for {method} {0x0000023fe65dfd38} 'defineClass' '(Ljava/lang/String;[BLorg/eclipse/osgi/internal/loader/classpath/ClasspathEntry;)Lorg/eclipse/osgi/internal/loader/ModuleClassLoader$DefineClassResult;' in 'org/eclipse/osgi/internal/loader/ModuleClassLoader')}
  0x0000023fd0adcb90: 488b f248 | bb50 ddab | e63f 0200 | 008b 7608 | 49ba 0000 | 0080 3f02 | 0000 4903 | f248 3bb3 
  0x0000023fd0adcbb0: 2001 0000 | 750d 4883 | 8328 0100 | 0001 e960 | 0000 0048 | 3bb3 3001 | 0000 750d | 4883 8338 
  0x0000023fd0adcbd0: 0100 0001 | e94a 0000 | 0048 83bb | 2001 0000 | 0075 1748 | 89b3 2001 | 0000 48c7 | 8328 0100 
  0x0000023fd0adcbf0: 0001 0000 | 00e9 2900 | 0000 4883 | bb30 0100 | 0000 7517 | 4889 b330 | 0100 0048 | c783 3801 
  0x0000023fd0adcc10: 0000 0100 | 0000 e908 | 0000 0048 | 8383 1001 

  0x0000023fd0adcc20: ;   {metadata(method data for {method} {0x0000023fe66249f0} 'getClassLoadingLock' '(Ljava/lang/String;)Ljava/lang/Object;' in 'org/eclipse/osgi/internal/loader/ModuleClassLoader')}
  0x0000023fd0adcc20: 0000 0148 | be48 ad7b | e63f 0200 | 008b 9ecc | 0000 0083 | c302 899e | cc00 0000 | 81e3 feff 
  0x0000023fd0adcc40: 1f00 85db | 0f84 b003 | 0000 8b72 | 5048 3b06 

  0x0000023fd0adcc50: ;   {metadata(method data for {method} {0x0000023fe66249f0} 'getClassLoadingLock' '(Ljava/lang/String;)Ljava/lang/Object;' in 'org/eclipse/osgi/internal/loader/ModuleClassLoader')}
  0x0000023fd0adcc50: 488b de48 | b848 ad7b | e63f 0200 | 0048 8380 | 1001 0000 | 0149 8bd8 | 4c8b c348 | 8954 2458 
  0x0000023fd0adcc70: 488b d648 | 895c 2460 | 0f1f 8000 

  0x0000023fd0adcc7c: ;   {optimized virtual_call}
  0x0000023fd0adcc7c: 0000 00e8 

  0x0000023fd0adcc80: ; ImmutableOopMap {[88]=Oop [96]=Oop [104]=Oop [112]=Oop }
                      ;*invokevirtual getLock {reexecute=0 rethrow=0 return_oop=0}
                      ; - org.eclipse.osgi.internal.loader.ModuleClassLoader::getClassLoadingLock@5 (line 437)
                      ; - org.eclipse.osgi.internal.loader.ModuleClassLoader::defineClass@8 (line 312)
  0x0000023fd0adcc80: fcab f0ff 

  0x0000023fd0adcc84: ;   {other}
  0x0000023fd0adcc84: 0f1f 8400 | 7403 0000 | 4889 4424 | 7848 8d94 | 2480 0000 | 0048 8bf0 | 4889 7208 

  0x0000023fd0adcca0: ; implicit exception: dispatches to 0x0000023fd0add020
  0x0000023fd0adcca0: 488b 0648 | 83c8 0148 | 8902 f048 | 0fb1 160f | 8412 0000 | 0048 2bc4 | 4825 07f0 | ffff 4889 
  0x0000023fd0adccc0: 020f 855e | 0300 0049 | ff87 5005 | 0000 488b 

  0x0000023fd0adccd0: ;   {metadata(method data for {method} {0x0000023fe65dfd38} 'defineClass' '(Ljava/lang/String;[BLorg/eclipse/osgi/internal/loader/classpath/ClasspathEntry;)Lorg/eclipse/osgi/internal/loader/ModuleClassLoader$DefineClassResult;' in 'org/eclipse/osgi/internal/loader/ModuleClassLoader')}
  0x0000023fd0adccd0: 5424 5848 | be50 ddab | e63f 0200 | 0048 8386 | 4801 0000 

  0x0000023fd0adcce4: ;   {metadata(method data for {method} {0x0000023f804350c0} 'findLoadedClass' '(Ljava/lang/String;)Ljava/lang/Class;' in 'java/lang/ClassLoader')}
  0x0000023fd0adcce4: 0148 ba60 | 5324 e63f | 0200 008b | b2cc 0000 | 0083 c602 | 89b2 cc00 | 0000 81e6 | feff 1f00 
  0x0000023fd0adcd04: 85f6 0f84 | 2c03 0000 

  0x0000023fd0adcd0c: ;   {metadata(method data for {method} {0x0000023f804350c0} 'findLoadedClass' '(Ljava/lang/String;)Ljava/lang/Class;' in 'java/lang/ClassLoader')}
  0x0000023fd0adcd0c: 48ba 6053 | 24e6 3f02 | 0000 4883 | 8210 0100 | 0001 488b | 5424 600f 

  0x0000023fd0adcd24: ;   {static_call}
  0x0000023fd0adcd24: 1f40 00e8 

  0x0000023fd0adcd28: ; ImmutableOopMap {[88]=Oop [96]=Oop [104]=Oop [112]=Oop [120]=Oop [136]=Oop }
                      ;*invokestatic checkName {reexecute=0 rethrow=0 return_oop=0}
                      ; - java.lang.ClassLoader::findLoadedClass@1
                      ; - org.eclipse.osgi.internal.loader.ModuleClassLoader::defineClass@17 (line 313)
  0x0000023fd0adcd28: 94a4 7307 

  0x0000023fd0adcd2c: ;   {other}
  0x0000023fd0adcd2c: 0f1f 8400 | 1c04 0001 

  0x0000023fd0adcd34: ;   {metadata(method data for {method} {0x0000023f804350c0} 'findLoadedClass' '(Ljava/lang/String;)Ljava/lang/Class;' in 'java/lang/ClassLoader')}
  0x0000023fd0adcd34: 85c0 49b8 | 6053 24e6 | 3f02 0000 | 48c7 c220 | 0100 0075 | 0748 c7c2 | 3001 0000 | 498b 3410 
  0x0000023fd0adcd54: 488d 7601 | 4989 3410 | 0f85 0f00 

  0x0000023fd0adcd60: ;   {oop(nullptr)}
  0x0000023fd0adcd60: 0000 48be | 0000 0000 | 0000 0000 | e936 0000 | 0048 8b54 

  0x0000023fd0adcd74: ;   {metadata(method data for {method} {0x0000023f804350c0} 'findLoadedClass' '(Ljava/lang/String;)Ljava/lang/Class;' in 'java/lang/ClassLoader')}
  0x0000023fd0adcd74: 2458 49b8 | 6053 24e6 | 3f02 0000 | 4983 8040 | 0100 0001 | 4c8b 4424 | 6048 8b54 | 2458 0f1f 
  0x0000023fd0adcd94: ;   {optimized virtual_call}
  0x0000023fd0adcd94: 4400 00e8 

  0x0000023fd0adcd98: ; ImmutableOopMap {[88]=Oop [96]=Oop [104]=Oop [112]=Oop [120]=Oop [136]=Oop }
                      ;*invokevirtual findLoadedClass0 {reexecute=0 rethrow=0 return_oop=0}
                      ; - java.lang.ClassLoader::findLoadedClass@11
                      ; - org.eclipse.osgi.internal.loader.ModuleClassLoader::defineClass@17 (line 313)
  0x0000023fd0adcd98: 247a 6707 

  0x0000023fd0adcd9c: ;   {other}
  0x0000023fd0adcd9c: 0f1f 8400 | 8c04 0002 | 488b f048 

  0x0000023fd0adcda8: ;   {metadata(method data for {method} {0x0000023fe65dfd38} 'defineClass' '(Ljava/lang/String;[BLorg/eclipse/osgi/internal/loader/classpath/ClasspathEntry;)Lorg/eclipse/osgi/internal/loader/ModuleClassLoader$DefineClassResult;' in 'org/eclipse/osgi/internal/loader/ModuleClassLoader')}
  0x0000023fd0adcda8: 85f6 49b8 | 50dd abe6 | 3f02 0000 | 49c7 c190 | 0100 0074 | 0749 c7c1 | 8001 0000 | 4b8b 3c08 
  0x0000023fd0adcdc8: 488d 7f01 | 4b89 3c08 | 0f84 0e00 | 0000 488b | de41 b800 | 0000 00e9 | 6900 0000 | 488b 7c24 
  0x0000023fd0adcde8: 704c 8b4c | 2468 4c8b | 4424 6048 | 8b54 2458 

  0x0000023fd0adcdf8: ; implicit exception: dispatches to 0x0000023fd0add059
  0x0000023fd0adcdf8: 418b 710c 

  0x0000023fd0adcdfc: ; implicit exception: dispatches to 0x0000023fd0add05e
  0x0000023fd0adcdfc: 483b 0748 

  0x0000023fd0adce00: ;   {metadata(method data for {method} {0x0000023fe65dfd38} 'defineClass' '(Ljava/lang/String;[BLorg/eclipse/osgi/internal/loader/classpath/ClasspathEntry;)Lorg/eclipse/osgi/internal/loader/ModuleClassLoader$DefineClassResult;' in 'org/eclipse/osgi/internal/loader/ModuleClassLoader')}
  0x0000023fd0adce00: 8bcf 48bb | 50dd abe6 | 3f02 0000 | 4883 83b8 | 0100 0001 | 8b4f 1048 

  0x0000023fd0adce18: ;   {metadata(method data for {method} {0x0000023fe65dfd38} 'defineClass' '(Ljava/lang/String;[BLorg/eclipse/osgi/internal/loader/classpath/ClasspathEntry;)Lorg/eclipse/osgi/internal/loader/ModuleClassLoader$DefineClassResult;' in 'org/eclipse/osgi/internal/loader/ModuleClassLoader')}
  0x0000023fd0adce18: 8bfa 48bb | 50dd abe6 | 3f02 0000 | 4883 83d8 | 0100 0001 | bf00 0000 | 0066 0f1f 

  0x0000023fd0adce34: ;   {optimized virtual_call}
  0x0000023fd0adce34: 4400 00e8 

  0x0000023fd0adce38: ; ImmutableOopMap {[120]=Oop [136]=Oop }
                      ;*invokevirtual defineClass {reexecute=0 rethrow=0 return_oop=0}
                      ; - org.eclipse.osgi.internal.loader.ModuleClassLoader::defineClass@37 (line 315)
  0x0000023fd0adce38: 0482 ecff 

  0x0000023fd0adce3c: ;   {other}
  0x0000023fd0adce3c: 0f1f 8400 | 2c05 0003 | 488b d841 | b801 0000 | 0048 8d84 | 2480 0000 | 0048 8b10 | 4885 d20f 
  0x0000023fd0adce5c: 840f 0000 | 0048 8b70 | 08f0 480f | b116 0f85 | f301 0000 | 49ff 8f50 

  0x0000023fd0adce74: ;   {metadata(method data for {method} {0x0000023fe65dfd38} 'defineClass' '(Ljava/lang/String;[BLorg/eclipse/osgi/internal/loader/classpath/ClasspathEntry;)Lorg/eclipse/osgi/internal/loader/ModuleClassLoader$DefineClassResult;' in 'org/eclipse/osgi/internal/loader/ModuleClassLoader')}
  0x0000023fd0adce74: 0500 0048 | ba50 ddab | e63f 0200 | 00ff 8210 

  0x0000023fd0adce84: ;   {metadata('org/eclipse/osgi/internal/loader/ModuleClassLoader$DefineClassResult')}
  0x0000023fd0adce84: 0200 0048 | ba20 a011 | 813f 0200 | 0049 8b87 | b801 0000 | 488d 7818 | 493b bfc8 | 0100 000f 
  0x0000023fd0adcea4: 87d0 0100 | 0049 89bf | b801 0000 | 48c7 0001 | 0000 0048 | 8bca 49ba | 0000 0080 | 3f02 0000 
  0x0000023fd0adcec4: 492b ca89 | 4808 4833 | c989 480c | 4833 c948 | 8948 1048 

  0x0000023fd0adced8: ;   {metadata(method data for {method} {0x0000023fe65dfd38} 'defineClass' '(Ljava/lang/String;[BLorg/eclipse/osgi/internal/loader/classpath/ClasspathEntry;)Lorg/eclipse/osgi/internal/loader/ModuleClassLoader$DefineClassResult;' in 'org/eclipse/osgi/internal/loader/ModuleClassLoader')}
  0x0000023fd0adced8: 8bf0 48bf | 50dd abe6 | 3f02 0000 | 4883 8728 | 0200 0001 

  0x0000023fd0adceec: ;   {metadata(method data for {method} {0x0000023fe673e618} '<init>' '(Ljava/lang/Class;Z)V' in 'org/eclipse/osgi/internal/loader/ModuleClassLoader$DefineClassResult')}
  0x0000023fd0adceec: 48be d027 | a1e6 3f02 | 0000 8bbe | cc00 0000 | 83c7 0289 | becc 0000 | 0081 e7fe | ff1f 0085 
  0x0000023fd0adcf0c: ff0f 8473 | 0100 0048 

  0x0000023fd0adcf14: ;   {metadata(method data for {method} {0x0000023fe673e618} '<init>' '(Ljava/lang/Class;Z)V' in 'org/eclipse/osgi/internal/loader/ModuleClassLoader$DefineClassResult')}
  0x0000023fd0adcf14: 8bf0 48bf | d027 a1e6 | 3f02 0000 | 4883 8710 | 0100 0001 

  0x0000023fd0adcf28: ;   {metadata(method data for {method} {0x0000023f80474aa8} '<init>' '()V' in 'java/lang/Object')}
  0x0000023fd0adcf28: 48be 9067 | 00e6 3f02 | 0000 8bbe | cc00 0000 | 83c7 0289 | becc 0000 | 0081 e7fe | ff1f 0085 
  0x0000023fd0adcf48: ff0f 8458 | 0100 004c | 8bd3 4489 | 5010 488d | 3048 c1ee | 0948 bf00 | 00a0 cc3f | 0200 00c6 
  0x0000023fd0adcf68: 043e 0041 | 83e0 0144 | 8840 0c48 | 81c4 a000 

  0x0000023fd0adcf78: ;   {poll_return}
  0x0000023fd0adcf78: 0000 5d49 | 3ba7 5004 | 0000 0f87 | 4001 0000 | c349 8b87 | 0005 0000 | 4d33 d24d | 8997 0005 
  0x0000023fd0adcf98: 0000 4d33 | d24d 8997 | 0805 0000 | 488b f048 | 8d84 2480 | 0000 0048 | 8b38 4885 | ff0f 840f 
  0x0000023fd0adcfb8: 0000 0048 | 8b58 08f0 | 480f b13b | 0f85 1401 | 0000 49ff | 8f50 0500 | 0048 8bc6 | e938 0100 
  0x0000023fd0adcfd8: ;   {metadata({method} {0x0000023fe65dfd38} 'defineClass' '(Ljava/lang/String;[BLorg/eclipse/osgi/internal/loader/classpath/ClasspathEntry;)Lorg/eclipse/osgi/internal/loader/ModuleClassLoader$DefineClassResult;' in 'org/eclipse/osgi/internal/loader/ModuleClassLoader')}
  0x0000023fd0adcfd8: 0049 ba30 | fd5d e63f | 0200 004c | 8954 2408 | 48c7 0424 | ffff ffff 

  0x0000023fd0adcff0: ;   {runtime_call counter_overflow Runtime1 stub}
  0x0000023fd0adcff0: e80b 531b 

  0x0000023fd0adcff4: ; ImmutableOopMap {rdx=Oop r8=Oop r9=Oop rdi=Oop }
                      ;*synchronization entry
                      ; - org.eclipse.osgi.internal.loader.ModuleClassLoader::defineClass@-1 (line 310)
  0x0000023fd0adcff4: 07e9 8cfb 

  0x0000023fd0adcff8: ;   {metadata({method} {0x0000023fe66249f0} 'getClassLoadingLock' '(Ljava/lang/String;)Ljava/lang/Object;' in 'org/eclipse/osgi/internal/loader/ModuleClassLoader')}
  0x0000023fd0adcff8: ffff 49ba | e849 62e6 | 3f02 0000 | 4c89 5424 | 0848 c704 | 24ff ffff 

  0x0000023fd0add010: ;   {runtime_call counter_overflow Runtime1 stub}
  0x0000023fd0add010: ffe8 ea52 

  0x0000023fd0add014: ; ImmutableOopMap {rdx=Oop r8=Oop [104]=Oop [112]=Oop }
                      ;*synchronization entry
                      ; - org.eclipse.osgi.internal.loader.ModuleClassLoader::getClassLoadingLock@-1 (line 437)
                      ; - org.eclipse.osgi.internal.loader.ModuleClassLoader::defineClass@8 (line 312)
  0x0000023fd0add014: 1b07 e92f 

  0x0000023fd0add018: ;   {runtime_call throw_null_pointer_exception Runtime1 stub}
  0x0000023fd0add018: fcff ffe8 

  0x0000023fd0add01c: ; ImmutableOopMap {rdx=Oop r8=Oop rsi=Oop [104]=Oop [112]=Oop }
                      ;*invokevirtual getLock {reexecute=0 rethrow=0 return_oop=0}
                      ; - org.eclipse.osgi.internal.loader.ModuleClassLoader::getClassLoadingLock@5 (line 437)
                      ; - org.eclipse.osgi.internal.loader.ModuleClassLoader::defineClass@8 (line 312)
  0x0000023fd0add01c: e001 1b07 

  0x0000023fd0add020: ;   {runtime_call throw_null_pointer_exception Runtime1 stub}
  0x0000023fd0add020: e8db 011b 

  0x0000023fd0add024: ; ImmutableOopMap {rsi=Oop [88]=Oop [96]=Oop [104]=Oop [112]=Oop [120]=Oop }
                      ;*monitorenter {reexecute=0 rethrow=0 return_oop=0}
                      ; - org.eclipse.osgi.internal.loader.ModuleClassLoader::defineClass@14 (line 312)
  0x0000023fd0add024: 0748 8974 | 2408 4889 

  0x0000023fd0add02c: ;   {runtime_call monitorenter_nofpu Runtime1 stub}
  0x0000023fd0add02c: 1424 e8cd 

  0x0000023fd0add030: ; ImmutableOopMap {rsi=Oop [88]=Oop [96]=Oop [104]=Oop [112]=Oop [120]=Oop [136]=Oop }
                      ;*monitorenter {reexecute=0 rethrow=0 return_oop=0}
                      ; - org.eclipse.osgi.internal.loader.ModuleClassLoader::defineClass@14 (line 312)
  0x0000023fd0add030: 311b 07e9 | 96fc ffff 

  0x0000023fd0add038: ;   {metadata({method} {0x0000023f804350c0} 'findLoadedClass' '(Ljava/lang/String;)Ljava/lang/Class;' in 'java/lang/ClassLoader')}
  0x0000023fd0add038: 49ba b850 | 4380 3f02 | 0000 4c89 | 5424 0848 | c704 24ff 

  0x0000023fd0add04c: ;   {runtime_call counter_overflow Runtime1 stub}
  0x0000023fd0add04c: ffff ffe8 

  0x0000023fd0add050: ; ImmutableOopMap {[88]=Oop [96]=Oop [104]=Oop [112]=Oop [120]=Oop [136]=Oop }
                      ;*synchronization entry
                      ; - java.lang.ClassLoader::findLoadedClass@-1
                      ; - org.eclipse.osgi.internal.loader.ModuleClassLoader::defineClass@17 (line 313)
  0x0000023fd0add050: ac52 1b07 | e9b3 fcff 

  0x0000023fd0add058: ;   {runtime_call throw_null_pointer_exception Runtime1 stub}
  0x0000023fd0add058: ffe8 a201 

  0x0000023fd0add05c: ; ImmutableOopMap {rdx=Oop r8=Oop r9=Oop rdi=Oop [120]=Oop [136]=Oop }
                      ;*arraylength {reexecute=0 rethrow=0 return_oop=0}
                      ; - org.eclipse.osgi.internal.loader.ModuleClassLoader::defineClass@32 (line 315)
                      ;   {runtime_call throw_null_pointer_exception Runtime1 stub}
  0x0000023fd0add05c: 1b07 e89d 

  0x0000023fd0add060: ; ImmutableOopMap {rdx=Oop r8=Oop r9=Oop rdi=Oop [120]=Oop [136]=Oop }
                      ;*invokevirtual getDomain {reexecute=0 rethrow=0 return_oop=0}
                      ; - org.eclipse.osgi.internal.loader.ModuleClassLoader::defineClass@34 (line 315)
  0x0000023fd0add060: 011b 0748 | 8d84 2480 | 0000 0048 

  0x0000023fd0add06c: ;   {runtime_call monitorexit_nofpu Runtime1 stub}
  0x0000023fd0add06c: 8904 24e8 | 8c37 1b07 | e9fe fdff | ff48 8bd2 

  0x0000023fd0add07c: ;   {runtime_call fast_new_instance Runtime1 stub}
  0x0000023fd0add07c: e87f 0a1b 

  0x0000023fd0add080: ; ImmutableOopMap {rbx=Oop }
                      ;*new {reexecute=0 rethrow=0 return_oop=0}
                      ; - org.eclipse.osgi.internal.loader.ModuleClassLoader::defineClass@55 (line 319)
  0x0000023fd0add080: 07e9 51fe 

  0x0000023fd0add084: ;   {metadata({method} {0x0000023fe673e618} '<init>' '(Ljava/lang/Class;Z)V' in 'org/eclipse/osgi/internal/loader/ModuleClassLoader$DefineClassResult')}
  0x0000023fd0add084: ffff 49ba | 10e6 73e6 | 3f02 0000 | 4c89 5424 | 0848 c704 | 24ff ffff 

  0x0000023fd0add09c: ;   {runtime_call counter_overflow Runtime1 stub}
  0x0000023fd0add09c: ffe8 5e52 

  0x0000023fd0add0a0: ; ImmutableOopMap {rbx=Oop rax=Oop }
                      ;*synchronization entry
                      ; - org.eclipse.osgi.internal.loader.ModuleClassLoader$DefineClassResult::<init>@-1 (line 96)
                      ; - org.eclipse.osgi.internal.loader.ModuleClassLoader::defineClass@63 (line 319)
  0x0000023fd0add0a0: 1b07 e96c 

  0x0000023fd0add0a4: ;   {metadata({method} {0x0000023f80474aa8} '<init>' '()V' in 'java/lang/Object')}
  0x0000023fd0add0a4: feff ff49 | baa0 4a47 | 803f 0200 | 004c 8954 | 2408 48c7 | 0424 ffff 

  0x0000023fd0add0bc: ;   {runtime_call counter_overflow Runtime1 stub}
  0x0000023fd0add0bc: ffff e83d 

  0x0000023fd0add0c0: ; ImmutableOopMap {rbx=Oop rax=Oop }
                      ;*synchronization entry
                      ; - java.lang.Object::<init>@-1
                      ; - org.eclipse.osgi.internal.loader.ModuleClassLoader$DefineClassResult::<init>@1 (line 96)
                      ; - org.eclipse.osgi.internal.loader.ModuleClassLoader::defineClass@63 (line 319)
  0x0000023fd0add0c0: 521b 07e9 | 87fe ffff 

  0x0000023fd0add0c8: ;   {internal_word}
  0x0000023fd0add0c8: 49ba 7bcf | add0 3f02 | 0000 4d89 | 9768 0400 

  0x0000023fd0add0d8: ;   {runtime_call SafepointBlob}
  0x0000023fd0add0d8: 00e9 227a | 1007 488d | 8424 8000 | 0000 4889 

  0x0000023fd0add0e8: ;   {runtime_call monitorexit_nofpu Runtime1 stub}
  0x0000023fd0add0e8: 0424 e811 | 371b 07e9 | ddfe ffff | 498b 8700 | 0500 0049 | c787 0005 | 0000 0000 | 0000 49c7 
  0x0000023fd0add108: 8708 0500 | 0000 0000 | 0048 81c4 | a000 0000 

  0x0000023fd0add118: ;   {runtime_call unwind_exception Runtime1 stub}
  0x0000023fd0add118: 5de9 e2f1 | 1a07 f4f4 
[Stub Code]
  0x0000023fd0add120: ;   {no_reloc}
  0x0000023fd0add120: 48bb 0000 | 0000 0000 

  0x0000023fd0add128: ;   {runtime_call nmethod}
  0x0000023fd0add128: 0000 e9fb 

  0x0000023fd0add12c: ;   {static_stub}
  0x0000023fd0add12c: ffff ff48 | bb00 0000 | 0000 0000 

  0x0000023fd0add138: ;   {runtime_call nmethod}
  0x0000023fd0add138: 00e9 fbff 

  0x0000023fd0add13c: ;   {static_stub}
  0x0000023fd0add13c: ffff 48bb | 0000 0000 | 0000 0000 

  0x0000023fd0add148: ;   {runtime_call nmethod}
  0x0000023fd0add148: e9fb ffff 

  0x0000023fd0add14c: ;   {static_stub}
  0x0000023fd0add14c: ff48 bb00 | 0000 0000 

  0x0000023fd0add154: ;   {runtime_call nmethod}
  0x0000023fd0add154: 0000 00e9 | fbff ffff 
[Exception Handler]
  0x0000023fd0add15c: ;   {runtime_call handle_exception_from_callee Runtime1 stub}
  0x0000023fd0add15c: e89f 1e1b 

  0x0000023fd0add160: ;   {external_word}
  0x0000023fd0add160: 0748 b950 | 63b8 f9ff | 7f00 0048 

  0x0000023fd0add16c: ;   {runtime_call}
  0x0000023fd0add16c: 83e4 f048 | b8c0 c97a | f9ff 7f00 | 00ff d0f4 
[Deopt Handler Code]
  0x0000023fd0add17c: ;   {section_word}
  0x0000023fd0add17c: 49ba 7cd1 | add0 3f02 | 0000 4152 

  0x0000023fd0add188: ;   {runtime_call DeoptimizationBlob}
  0x0000023fd0add188: e913 6c10 | 07f4 f4f4 
[/MachCode]


---------------  P R O C E S S  ---------------

Threads class SMR info:
_java_thread_list=0x0000023feababf30, length=20, elements={
0x0000023fcd45e1d0, 0x0000023fcd51ae50, 0x0000023fcd51cb20, 0x0000023fcd3d6f40,
0x0000023fcd3d7ba0, 0x0000023fcd3da610, 0x0000023fcd3df260, 0x0000023fcd3ebb90,
0x0000023fcd407090, 0x0000023fe590c060, 0x0000023fe590b9d0, 0x0000023fe590acb0,
0x0000023fe590b340, 0x0000023fea4d6840, 0x0000023fea4d3a50, 0x0000023fea4d6ed0,
0x0000023fea4d5b20, 0x0000023fea4d40e0, 0x0000023fea4d7560, 0x0000023feb317c80
}

Java Threads: ( => current thread )
  0x0000023fcd45e1d0 JavaThread "main"                              [_thread_blocked, id=28052, stack(0x000000a5e1600000,0x000000a5e1700000) (1024K)]
  0x0000023fcd51ae50 JavaThread "Reference Handler"          daemon [_thread_blocked, id=9664, stack(0x000000a5e1a00000,0x000000a5e1b00000) (1024K)]
  0x0000023fcd51cb20 JavaThread "Finalizer"                  daemon [_thread_blocked, id=24112, stack(0x000000a5e1b00000,0x000000a5e1c00000) (1024K)]
  0x0000023fcd3d6f40 JavaThread "Signal Dispatcher"          daemon [_thread_blocked, id=25744, stack(0x000000a5e1c00000,0x000000a5e1d00000) (1024K)]
  0x0000023fcd3d7ba0 JavaThread "Attach Listener"            daemon [_thread_blocked, id=14292, stack(0x000000a5e1d00000,0x000000a5e1e00000) (1024K)]
  0x0000023fcd3da610 JavaThread "Service Thread"             daemon [_thread_blocked, id=11656, stack(0x000000a5e1e00000,0x000000a5e1f00000) (1024K)]
  0x0000023fcd3df260 JavaThread "Monitor Deflation Thread"   daemon [_thread_blocked, id=21616, stack(0x000000a5e1f00000,0x000000a5e2000000) (1024K)]
  0x0000023fcd3ebb90 JavaThread "C2 CompilerThread0"         daemon [_thread_in_native, id=6032, stack(0x000000a5e2000000,0x000000a5e2100000) (1024K)]
  0x0000023fcd407090 JavaThread "C1 CompilerThread0"         daemon [_thread_blocked, id=28464, stack(0x000000a5e2100000,0x000000a5e2200000) (1024K)]
  0x0000023fe590c060 JavaThread "Common-Cleaner"             daemon [_thread_blocked, id=24880, stack(0x000000a5e2300000,0x000000a5e2400000) (1024K)]
  0x0000023fe590b9d0 JavaThread "Notification Thread"        daemon [_thread_blocked, id=2544, stack(0x000000a5e2200000,0x000000a5e2300000) (1024K)]
  0x0000023fe590acb0 JavaThread "Active Thread: Equinox Container: 494ab517-f69e-48f0-a9b4-0039ad127238"        [_thread_blocked, id=28416, stack(0x000000a5e2c00000,0x000000a5e2d00000) (1024K)]
  0x0000023fe590b340 JavaThread "Framework Event Dispatcher: Equinox Container: 494ab517-f69e-48f0-a9b4-0039ad127238" daemon [_thread_blocked, id=31832, stack(0x000000a5e2b00000,0x000000a5e2c00000) (1024K)]
=>0x0000023fea4d6840 JavaThread "Start Level: Equinox Container: 494ab517-f69e-48f0-a9b4-0039ad127238" daemon [_thread_in_vm, id=13164, stack(0x000000a5e2d00000,0x000000a5e2e00000) (1024K)]
  0x0000023fea4d3a50 JavaThread "SCR Component Actor"        daemon [_thread_blocked, id=14672, stack(0x000000a5e2f00000,0x000000a5e3000000) (1024K)]
  0x0000023fea4d6ed0 JavaThread "Worker-JM"                         [_thread_blocked, id=27120, stack(0x000000a5e3000000,0x000000a5e3100000) (1024K)]
  0x0000023fea4d5b20 JavaThread "JNA Cleaner"                daemon [_thread_blocked, id=5204, stack(0x000000a5e2400000,0x000000a5e2500000) (1024K)]
  0x0000023fea4d40e0 JavaThread "Worker-0"                          [_thread_blocked, id=10788, stack(0x000000a5e3100000,0x000000a5e3200000) (1024K)]
  0x0000023fea4d7560 JavaThread "Worker-1"                          [_thread_blocked, id=24668, stack(0x000000a5e3200000,0x000000a5e3300000) (1024K)]
  0x0000023feb317c80 JavaThread "C2 CompilerThread1"         daemon [_thread_blocked, id=23596, stack(0x000000a5e3300000,0x000000a5e3400000) (1024K)]
Total: 20

Other Threads:
  0x0000023fcd501760 VMThread "VM Thread"                           [id=29072, stack(0x000000a5e1900000,0x000000a5e1a00000) (1024K)]
  0x0000023fcd2eca00 WatcherThread "VM Periodic Task Thread"        [id=30288, stack(0x000000a5e1800000,0x000000a5e1900000) (1024K)]
  0x0000023fcd47b530 WorkerThread "GC Thread#0"                     [id=32044, stack(0x000000a5e1700000,0x000000a5e1800000) (1024K)]
  0x0000023fea3c45e0 WorkerThread "GC Thread#1"                     [id=22260, stack(0x000000a5e2500000,0x000000a5e2600000) (1024K)]
  0x0000023fea46dfa0 WorkerThread "GC Thread#2"                     [id=30492, stack(0x000000a5e2600000,0x000000a5e2700000) (1024K)]
  0x0000023fea46e350 WorkerThread "GC Thread#3"                     [id=30116, stack(0x000000a5e2700000,0x000000a5e2800000) (1024K)]
  0x0000023fea46e700 WorkerThread "GC Thread#4"                     [id=22588, stack(0x000000a5e2800000,0x000000a5e2900000) (1024K)]
  0x0000023fea1ebc40 WorkerThread "GC Thread#5"                     [id=26888, stack(0x000000a5e2900000,0x000000a5e2a00000) (1024K)]
  0x0000023fea1ebff0 WorkerThread "GC Thread#6"                     [id=27320, stack(0x000000a5e2a00000,0x000000a5e2b00000) (1024K)]
  0x0000023fea4cdda0 WorkerThread "GC Thread#7"                     [id=19620, stack(0x000000a5e2e00000,0x000000a5e2f00000) (1024K)]
Total: 10

Threads with active compile tasks:
C2 CompilerThread0  4155 2648       4       java.lang.invoke.MethodType::makeImpl (109 bytes)
Total: 1

VM state: not at safepoint (normal execution)

VM Mutex/Monitor currently owned by a thread:  ([mutex/lock_event])
[0x00007ffff9e3d530] Metaspace_lock - owner thread: 0x0000023fea4d6840

Heap address: 0x0000000080000000, size: 2048 MB, Compressed Oops mode: 32-bit

CDS archive(s) mapped at: [0x0000023f80000000-0x0000023f80ba0000-0x0000023f80ba0000), size 12189696, SharedBaseAddress: 0x0000023f80000000, ArchiveRelocationMode: 1.
Compressed class space mapped at: 0x0000023f81000000-0x0000023fc1000000, reserved size: 1073741824
Narrow klass base: 0x0000023f80000000, Narrow klass shift: 0, Narrow klass range: 0x100000000

GC Precious Log:
 CardTable entry size: 512
 CPUs: 8 total, 8 available
 Memory: 11972M
 Large Page Support: Disabled
 NUMA Support: Disabled
 Compressed Oops: Enabled (32-bit)
 Alignments: Space 512K, Generation 512K, Heap 2M
 Heap Min Capacity: 100M
 Heap Initial Capacity: 100M
 Heap Max Capacity: 2G
 Pre-touch: Disabled
 Parallel Workers: 8

Heap:
 PSYoungGen      total 29696K, used 15230K [0x00000000d5580000, 0x00000000d7680000, 0x0000000100000000)
  eden space 25600K, 43% used [0x00000000d5580000,0x00000000d6062bd0,0x00000000d6e80000)
  from space 4096K, 99% used [0x00000000d7280000,0x00000000d767ccc0,0x00000000d7680000)
  to   space 4096K, 0% used [0x00000000d6e80000,0x00000000d6e80000,0x00000000d7280000)
 ParOldGen       total 68608K, used 10804K [0x0000000080000000, 0x0000000084300000, 0x00000000d5580000)
  object space 68608K, 15% used [0x0000000080000000,0x0000000080a8d368,0x0000000084300000)
 Metaspace       used 16452K, committed 17152K, reserved 1114112K
  class space    used 1746K, committed 2048K, reserved 1048576K

Card table byte_map: [0x0000023fcce00000,0x0000023fcd210000] _byte_map_base: 0x0000023fcca00000

Marking Bits: (ParMarkBitMap*) 0x00007ffff9e444a0
 Begin Bits: [0x0000023fdf910000, 0x0000023fe1910000)
 End Bits:   [0x0000023fe1910000, 0x0000023fe3910000)

Polling page: 0x0000023fcb280000

Metaspace:

Usage:
  Non-class:     14.36 MB used.
      Class:      1.71 MB used.
       Both:     16.07 MB used.

Virtual space:
  Non-class space:       64.00 MB reserved,      14.75 MB ( 23%) committed,  1 nodes.
      Class space:        1.00 GB reserved,       2.00 MB ( <1%) committed,  1 nodes.
             Both:        1.06 GB reserved,      16.75 MB (  2%) committed. 

Chunk freelists:
   Non-Class:  892.00 KB
       Class:  13.94 MB
        Both:  14.81 MB

MaxMetaspaceSize: unlimited
CompressedClassSpaceSize: 1.00 GB
Initial GC threshold: 21.00 MB
Current GC threshold: 21.00 MB
CDS: on
 - commit_granule_bytes: 65536.
 - commit_granule_words: 8192.
 - virtual_space_node_default_size: 8388608.
 - enlarge_chunks_in_place: 1.
 - use_allocation_guard: 0.


Internal statistics:

num_allocs_failed_limit: 0.
num_arena_births: 506.
num_arena_deaths: 0.
num_vsnodes_births: 2.
num_vsnodes_deaths: 0.
num_space_committed: 268.
num_space_uncommitted: 0.
num_chunks_returned_to_freelist: 0.
num_chunks_taken_from_freelist: 1123.
num_chunk_merges: 0.
num_chunk_splits: 706.
num_chunks_enlarged: 439.
num_inconsistent_stats: 0.

CodeHeap 'non-profiled nmethods': size=120000Kb used=1238Kb max_used=1238Kb free=118761Kb
 bounds [0x0000023fd8130000, 0x0000023fd83a0000, 0x0000023fdf660000]
CodeHeap 'profiled nmethods': size=120000Kb used=5076Kb max_used=5076Kb free=114923Kb
 bounds [0x0000023fd0660000, 0x0000023fd0b60000, 0x0000023fd7b90000]
CodeHeap 'non-nmethods': size=5760Kb used=1272Kb max_used=1310Kb free=4487Kb
 bounds [0x0000023fd7b90000, 0x0000023fd7e00000, 0x0000023fd8130000]
CodeCache: size=245760Kb, used=7586Kb, max_used=7624Kb, free=238171Kb
 total_blobs=3215, nmethods=2665, adapters=456, full_count=0
Compilation: enabled, stopped_count=0, restarted_count=0

Compilation events (20 events):
Event: 3.997 Thread 0x0000023fcd407090 nmethod 2660 0x0000023fd0b52410 code [0x0000023fd0b525a0, 0x0000023fd0b526d8]
Event: 3.998 Thread 0x0000023feb317c80 nmethod 2652 0x0000023fd8263090 code [0x0000023fd8263220, 0x0000023fd82633f0]
Event: 3.998 Thread 0x0000023feb317c80 2649       4       java.lang.Class::getClassLoader (28 bytes)
Event: 3.999 Thread 0x0000023feb317c80 nmethod 2649 0x0000023fd8263590 code [0x0000023fd8263720, 0x0000023fd82637b8]
Event: 3.999 Thread 0x0000023feb317c80 2653   !   4       java.util.zip.ZipFile$Source::checkAndAddEntry (295 bytes)
Event: 4.005 Thread 0x0000023feb317c80 nmethod 2653 0x0000023fd8263890 code [0x0000023fd8263ac0, 0x0000023fd82646e0]
Event: 4.006 Thread 0x0000023feb317c80 2659       4       java.util.zip.ZipCoder$UTF8ZipCoder::checkedHash (79 bytes)
Event: 4.007 Thread 0x0000023feb317c80 nmethod 2659 0x0000023fd8264f90 code [0x0000023fd8265160, 0x0000023fd8265560]
Event: 4.013 Thread 0x0000023fcd407090 2662       3       java.lang.invoke.MethodHandles$Lookup$ClassFile::newInstanceNoCheck (11 bytes)
Event: 4.013 Thread 0x0000023fcd407090 nmethod 2662 0x0000023fd0b52790 code [0x0000023fd0b52940, 0x0000023fd0b52b78]
Event: 4.013 Thread 0x0000023fcd407090 2663       3       java.lang.invoke.MethodHandles$Lookup$ClassFile::<init> (20 bytes)
Event: 4.014 Thread 0x0000023fcd407090 nmethod 2663 0x0000023fd0b52c90 code [0x0000023fd0b52e40, 0x0000023fd0b52fe0]
Event: 4.014 Thread 0x0000023fcd407090 2664       3       java.lang.invoke.MethodHandles$Lookup$ClassDefiner::<init> (64 bytes)
Event: 4.014 Thread 0x0000023fcd407090 nmethod 2664 0x0000023fd0b53090 code [0x0000023fd0b53240, 0x0000023fd0b53418]
Event: 4.014 Thread 0x0000023fcd407090 2665   !   3       java.lang.invoke.MethodHandles$Lookup$ClassDefiner::defineClass (213 bytes)
Event: 4.015 Thread 0x0000023fcd407090 nmethod 2665 0x0000023fd0b53510 code [0x0000023fd0b537a0, 0x0000023fd0b54248]
Event: 4.015 Thread 0x0000023fcd407090 2666       3       java.lang.System$2::defineClass (21 bytes)
Event: 4.015 Thread 0x0000023fcd407090 nmethod 2666 0x0000023fd0b54790 code [0x0000023fd0b54940, 0x0000023fd0b54ab8]
Event: 4.015 Thread 0x0000023fcd407090 2667       3       java.lang.invoke.MethodHandles$Lookup::makeHiddenClassDefiner (20 bytes)
Event: 4.015 Thread 0x0000023fcd407090 nmethod 2667 0x0000023fd0b54b90 code [0x0000023fd0b54d60, 0x0000023fd0b55068]

GC Heap History (8 events):
Event: 1.239 GC heap before
{Heap before GC invocations=1 (full 0):
 PSYoungGen      total 29696K, used 25600K [0x00000000d5580000, 0x00000000d7680000, 0x0000000100000000)
  eden space 25600K, 100% used [0x00000000d5580000,0x00000000d6e80000,0x00000000d6e80000)
  from space 4096K, 0% used [0x00000000d7280000,0x00000000d7280000,0x00000000d7680000)
  to   space 4096K, 0% used [0x00000000d6e80000,0x00000000d6e80000,0x00000000d7280000)
 ParOldGen       total 68608K, used 0K [0x0000000080000000, 0x0000000084300000, 0x00000000d5580000)
  object space 68608K, 0% used [0x0000000080000000,0x0000000080000000,0x0000000084300000)
 Metaspace       used 4351K, committed 4544K, reserved 1114112K
  class space    used 474K, committed 576K, reserved 1048576K
}
Event: 1.247 GC heap after
{Heap after GC invocations=1 (full 0):
 PSYoungGen      total 29696K, used 3271K [0x00000000d5580000, 0x00000000d7680000, 0x0000000100000000)
  eden space 25600K, 0% used [0x00000000d5580000,0x00000000d5580000,0x00000000d6e80000)
  from space 4096K, 79% used [0x00000000d6e80000,0x00000000d71b1e98,0x00000000d7280000)
  to   space 4096K, 0% used [0x00000000d7280000,0x00000000d7280000,0x00000000d7680000)
 ParOldGen       total 68608K, used 8K [0x0000000080000000, 0x0000000084300000, 0x00000000d5580000)
  object space 68608K, 0% used [0x0000000080000000,0x0000000080002000,0x0000000084300000)
 Metaspace       used 4351K, committed 4544K, reserved 1114112K
  class space    used 474K, committed 576K, reserved 1048576K
}
Event: 2.563 GC heap before
{Heap before GC invocations=2 (full 0):
 PSYoungGen      total 29696K, used 28871K [0x00000000d5580000, 0x00000000d7680000, 0x0000000100000000)
  eden space 25600K, 100% used [0x00000000d5580000,0x00000000d6e80000,0x00000000d6e80000)
  from space 4096K, 79% used [0x00000000d6e80000,0x00000000d71b1e98,0x00000000d7280000)
  to   space 4096K, 0% used [0x00000000d7280000,0x00000000d7280000,0x00000000d7680000)
 ParOldGen       total 68608K, used 8K [0x0000000080000000, 0x0000000084300000, 0x00000000d5580000)
  object space 68608K, 0% used [0x0000000080000000,0x0000000080002000,0x0000000084300000)
 Metaspace       used 8217K, committed 8512K, reserved 1114112K
  class space    used 869K, committed 1024K, reserved 1048576K
}
Event: 2.568 GC heap after
{Heap after GC invocations=2 (full 0):
 PSYoungGen      total 29696K, used 4093K [0x00000000d5580000, 0x00000000d7680000, 0x0000000100000000)
  eden space 25600K, 0% used [0x00000000d5580000,0x00000000d5580000,0x00000000d6e80000)
  from space 4096K, 99% used [0x00000000d7280000,0x00000000d767f698,0x00000000d7680000)
  to   space 4096K, 0% used [0x00000000d6e80000,0x00000000d6e80000,0x00000000d7280000)
 ParOldGen       total 68608K, used 1038K [0x0000000080000000, 0x0000000084300000, 0x00000000d5580000)
  object space 68608K, 1% used [0x0000000080000000,0x0000000080103830,0x0000000084300000)
 Metaspace       used 8217K, committed 8512K, reserved 1114112K
  class space    used 869K, committed 1024K, reserved 1048576K
}
Event: 3.214 GC heap before
{Heap before GC invocations=3 (full 0):
 PSYoungGen      total 29696K, used 29693K [0x00000000d5580000, 0x00000000d7680000, 0x0000000100000000)
  eden space 25600K, 100% used [0x00000000d5580000,0x00000000d6e80000,0x00000000d6e80000)
  from space 4096K, 99% used [0x00000000d7280000,0x00000000d767f698,0x00000000d7680000)
  to   space 4096K, 0% used [0x00000000d6e80000,0x00000000d6e80000,0x00000000d7280000)
 ParOldGen       total 68608K, used 1038K [0x0000000080000000, 0x0000000084300000, 0x00000000d5580000)
  object space 68608K, 1% used [0x0000000080000000,0x0000000080103830,0x0000000084300000)
 Metaspace       used 13009K, committed 13632K, reserved 1114112K
  class space    used 1374K, committed 1664K, reserved 1048576K
}
Event: 3.217 GC heap after
{Heap after GC invocations=3 (full 0):
 PSYoungGen      total 29696K, used 4093K [0x00000000d5580000, 0x00000000d7680000, 0x0000000100000000)
  eden space 25600K, 0% used [0x00000000d5580000,0x00000000d5580000,0x00000000d6e80000)
  from space 4096K, 99% used [0x00000000d6e80000,0x00000000d727f4d0,0x00000000d7280000)
  to   space 4096K, 0% used [0x00000000d7280000,0x00000000d7280000,0x00000000d7680000)
 ParOldGen       total 68608K, used 2829K [0x0000000080000000, 0x0000000084300000, 0x00000000d5580000)
  object space 68608K, 4% used [0x0000000080000000,0x00000000802c37c0,0x0000000084300000)
 Metaspace       used 13009K, committed 13632K, reserved 1114112K
  class space    used 1374K, committed 1664K, reserved 1048576K
}
Event: 3.639 GC heap before
{Heap before GC invocations=4 (full 0):
 PSYoungGen      total 29696K, used 29693K [0x00000000d5580000, 0x00000000d7680000, 0x0000000100000000)
  eden space 25600K, 100% used [0x00000000d5580000,0x00000000d6e80000,0x00000000d6e80000)
  from space 4096K, 99% used [0x00000000d6e80000,0x00000000d727f4d0,0x00000000d7280000)
  to   space 4096K, 0% used [0x00000000d7280000,0x00000000d7280000,0x00000000d7680000)
 ParOldGen       total 68608K, used 2829K [0x0000000080000000, 0x0000000084300000, 0x00000000d5580000)
  object space 68608K, 4% used [0x0000000080000000,0x00000000802c37c0,0x0000000084300000)
 Metaspace       used 14703K, committed 15296K, reserved 1114112K
  class space    used 1543K, committed 1792K, reserved 1048576K
}
Event: 3.647 GC heap after
{Heap after GC invocations=4 (full 0):
 PSYoungGen      total 29696K, used 4083K [0x00000000d5580000, 0x00000000d7680000, 0x0000000100000000)
  eden space 25600K, 0% used [0x00000000d5580000,0x00000000d5580000,0x00000000d6e80000)
  from space 4096K, 99% used [0x00000000d7280000,0x00000000d767ccc0,0x00000000d7680000)
  to   space 4096K, 0% used [0x00000000d6e80000,0x00000000d6e80000,0x00000000d7280000)
 ParOldGen       total 68608K, used 10804K [0x0000000080000000, 0x0000000084300000, 0x00000000d5580000)
  object space 68608K, 15% used [0x0000000080000000,0x0000000080a8d368,0x0000000084300000)
 Metaspace       used 14703K, committed 15296K, reserved 1114112K
  class space    used 1543K, committed 1792K, reserved 1048576K
}

Dll operation events (20 events):
Event: 0.012 Attempting to load shared library c:\Users\LOQ\.vscode\extensions\redhat.java-1.56.0-win32-x64\jre\21.0.12.1-win32-x86_64\bin\java.dll
Event: 0.012 Loaded shared library c:\Users\LOQ\.vscode\extensions\redhat.java-1.56.0-win32-x64\jre\21.0.12.1-win32-x86_64\bin\java.dll
Event: 0.093 Attempting to load shared library c:\Users\LOQ\.vscode\extensions\redhat.java-1.56.0-win32-x64\jre\21.0.12.1-win32-x86_64\bin\zip.dll
Event: 0.093 Loaded shared library c:\Users\LOQ\.vscode\extensions\redhat.java-1.56.0-win32-x64\jre\21.0.12.1-win32-x86_64\bin\zip.dll
Event: 0.120 Attempting to load shared library C:\Users\LOQ\.vscode\extensions\redhat.java-1.56.0-win32-x64\jre\21.0.12.1-win32-x86_64\bin\instrument.dll
Event: 0.121 Loaded shared library C:\Users\LOQ\.vscode\extensions\redhat.java-1.56.0-win32-x64\jre\21.0.12.1-win32-x86_64\bin\instrument.dll
Event: 0.127 Attempting to load shared library C:\Users\LOQ\.vscode\extensions\redhat.java-1.56.0-win32-x64\jre\21.0.12.1-win32-x86_64\bin\net.dll
Event: 0.129 Loaded shared library C:\Users\LOQ\.vscode\extensions\redhat.java-1.56.0-win32-x64\jre\21.0.12.1-win32-x86_64\bin\net.dll
Event: 0.132 Attempting to load shared library C:\Users\LOQ\.vscode\extensions\redhat.java-1.56.0-win32-x64\jre\21.0.12.1-win32-x86_64\bin\nio.dll
Event: 0.133 Loaded shared library C:\Users\LOQ\.vscode\extensions\redhat.java-1.56.0-win32-x64\jre\21.0.12.1-win32-x86_64\bin\nio.dll
Event: 0.139 Attempting to load shared library C:\Users\LOQ\.vscode\extensions\redhat.java-1.56.0-win32-x64\jre\21.0.12.1-win32-x86_64\bin\zip.dll
Event: 0.139 Loaded shared library C:\Users\LOQ\.vscode\extensions\redhat.java-1.56.0-win32-x64\jre\21.0.12.1-win32-x86_64\bin\zip.dll
Event: 0.192 Attempting to load shared library C:\Users\LOQ\.vscode\extensions\redhat.java-1.56.0-win32-x64\jre\21.0.12.1-win32-x86_64\bin\jimage.dll
Event: 0.192 Loaded shared library C:\Users\LOQ\.vscode\extensions\redhat.java-1.56.0-win32-x64\jre\21.0.12.1-win32-x86_64\bin\jimage.dll
Event: 0.336 Attempting to load shared library c:\Users\LOQ\.vscode\extensions\redhat.java-1.56.0-win32-x64\jre\21.0.12.1-win32-x86_64\bin\verify.dll
Event: 0.336 Loaded shared library c:\Users\LOQ\.vscode\extensions\redhat.java-1.56.0-win32-x64\jre\21.0.12.1-win32-x86_64\bin\verify.dll
Event: 2.527 Attempting to load shared library C:\Users\LOQ\AppData\Roaming\Code\User\globalStorage\redhat.java\1.56.0\config_ss_win\org.eclipse.equinox.launcher\org.eclipse.equinox.launcher.win32.win32.x86_64_1.3.100.v20260804-1928\eclipse_11924.dll
Event: 2.533 Loaded shared library C:\Users\LOQ\AppData\Roaming\Code\User\globalStorage\redhat.java\1.56.0\config_ss_win\org.eclipse.equinox.launcher\org.eclipse.equinox.launcher.win32.win32.x86_64_1.3.100.v20260804-1928\eclipse_11924.dll
Event: 3.789 Attempting to load shared library C:\Users\LOQ\AppData\Local\Temp\jna-75566\jna4974161398041877523.dll
Event: 3.826 Loaded shared library C:\Users\LOQ\AppData\Local\Temp\jna-75566\jna4974161398041877523.dll

Deoptimization events (20 events):
Event: 3.561 Thread 0x0000023fea4d6840 DEOPT PACKING pc=0x0000023fd81ef06c sp=0x000000a5e2df9570
Event: 3.561 Thread 0x0000023fea4d6840 DEOPT UNPACKING pc=0x0000023fd7be3aa2 sp=0x000000a5e2df94f8 mode 2
Event: 3.581 Thread 0x0000023fea4d6840 Uncommon trap: trap_request=0xffffff45 fr.pc=0x0000023fd82369bc relative=0x000000000000009c
Event: 3.581 Thread 0x0000023fea4d6840 Uncommon trap: reason=unstable_if action=reinterpret pc=0x0000023fd82369bc method=org.eclipse.core.runtime.Path.<init>(Ljava/lang/String;[Ljava/lang/String;I)V @ 9 c2
Event: 3.581 Thread 0x0000023fea4d6840 DEOPT PACKING pc=0x0000023fd82369bc sp=0x000000a5e2df9aa0
Event: 3.581 Thread 0x0000023fea4d6840 DEOPT UNPACKING pc=0x0000023fd7be3aa2 sp=0x000000a5e2df9a48 mode 2
Event: 3.631 Thread 0x0000023fea4d6840 Uncommon trap: trap_request=0xffffff45 fr.pc=0x0000023fd81b3274 relative=0x00000000000005b4
Event: 3.631 Thread 0x0000023fea4d6840 Uncommon trap: reason=unstable_if action=reinterpret pc=0x0000023fd81b3274 method=java.io.BufferedInputStream.implRead([BII)I @ 55 c2
Event: 3.631 Thread 0x0000023fea4d6840 DEOPT PACKING pc=0x0000023fd81b3274 sp=0x000000a5e2df9420
Event: 3.631 Thread 0x0000023fea4d6840 DEOPT UNPACKING pc=0x0000023fd7be3aa2 sp=0x000000a5e2df93f8 mode 2
Event: 3.672 Thread 0x0000023fea4d6840 Uncommon trap: trap_request=0xffffff45 fr.pc=0x0000023fd816ca10 relative=0x0000000000000670
Event: 3.672 Thread 0x0000023fea4d6840 Uncommon trap: reason=unstable_if action=reinterpret pc=0x0000023fd816ca10 method=java.lang.String.replace(Ljava/lang/CharSequence;Ljava/lang/CharSequence;)Ljava/lang/String; @ 42 c2
Event: 3.672 Thread 0x0000023fea4d6840 DEOPT PACKING pc=0x0000023fd816ca10 sp=0x000000a5e2df7ca0
Event: 3.672 Thread 0x0000023fea4d6840 DEOPT UNPACKING pc=0x0000023fd7be3aa2 sp=0x000000a5e2df7c20 mode 2
Event: 3.880 Thread 0x0000023fea4d6840 DEOPT PACKING pc=0x0000023fd0a5b835 sp=0x000000a5e2df7810
Event: 3.880 Thread 0x0000023fea4d6840 DEOPT UNPACKING pc=0x0000023fd7be4242 sp=0x000000a5e2df6d38 mode 0
Event: 4.011 Thread 0x0000023fea4d6840 Uncommon trap: trap_request=0xffffff45 fr.pc=0x0000023fd82346a8 relative=0x0000000000000ae8
Event: 4.011 Thread 0x0000023fea4d6840 Uncommon trap: reason=unstable_if action=reinterpret pc=0x0000023fd82346a8 method=jdk.internal.org.objectweb.asm.Frame.execute(IILjdk/internal/org/objectweb/asm/Symbol;Ljdk/internal/org/objectweb/asm/SymbolTable;)V @ 1 c2
Event: 4.011 Thread 0x0000023fea4d6840 DEOPT PACKING pc=0x0000023fd82346a8 sp=0x000000a5e2df8360
Event: 4.011 Thread 0x0000023fea4d6840 DEOPT UNPACKING pc=0x0000023fd7be3aa2 sp=0x000000a5e2df82e8 mode 2

Classes loaded (20 events):
Event: 3.871 Loading class java/util/stream/SliceOps
Event: 3.871 Loading class java/util/stream/SliceOps done
Event: 3.871 Loading class java/util/stream/SliceOps$1
Event: 3.871 Loading class java/util/stream/SliceOps$1 done
Event: 3.871 Loading class java/util/stream/SliceOps$1$1
Event: 3.871 Loading class java/util/stream/SliceOps$1$1 done
Event: 3.878 Loading class jdk/internal/reflect/MethodHandleShortFieldAccessorImpl
Event: 3.878 Loading class jdk/internal/reflect/MethodHandleShortFieldAccessorImpl done
Event: 3.878 Loading class java/lang/Short$ShortCache
Event: 3.879 Loading class java/lang/Short$ShortCache done
Event: 3.914 Loading class java/util/function/LongUnaryOperator
Event: 3.914 Loading class java/util/function/LongUnaryOperator done
Event: 3.914 Loading class java/lang/ThreadDeath
Event: 3.915 Loading class java/lang/ThreadDeath done
Event: 3.924 Loading class java/util/stream/SortedOps$SizedRefSortingSink
Event: 3.924 Loading class java/util/stream/SortedOps$SizedRefSortingSink done
Event: 3.962 Loading class java/util/concurrent/atomic/Striped64$1
Event: 3.962 Loading class java/util/concurrent/atomic/Striped64$1 done
Event: 4.015 Loading class java/util/Collections$UnmodifiableSortedSet
Event: 4.015 Loading class java/util/Collections$UnmodifiableSortedSet done

Classes unloaded (0 events):
No events

Classes redefined (0 events):
No events

Internal exceptions (20 events):
Event: 3.851 Thread 0x0000023fea4d6840 Exception <a 'java/lang/NoSuchMethodError'{0x00000000d5961598}: 'void java.lang.invoke.DelegatingMethodHandle$Holder.reinvoke_L(java.lang.Object, java.lang.Object, int)'> (0x00000000d5961598) 
thrown [s\src\hotspot\share\interpreter\linkResolver.cpp, line 773]
Event: 3.851 Thread 0x0000023fea4d6840 Exception <a 'java/lang/NoSuchMethodError'{0x00000000d5968280}: 'int java.lang.invoke.Invokers$Holder.invokeExact_MT(java.lang.Object, java.lang.Object, java.lang.Object)'> (0x00000000d5968280) 
thrown [s\src\hotspot\share\interpreter\linkResolver.cpp, line 773]
Event: 3.867 Thread 0x0000023fea4d6840 Exception <a 'java/lang/NoSuchMethodError'{0x00000000d5a322f8}: method resolution failed> (0x00000000d5a322f8) 
thrown [s\src\hotspot\share\prims\methodHandles.cpp, line 1136]
Event: 3.882 Thread 0x0000023fea4d6840 Exception <a 'java/lang/NoSuchMethodError'{0x00000000d5a9df88}: 'void java.lang.invoke.Invokers$Holder.invokeExact_MT(java.lang.Object, java.lang.Object, int, java.lang.Object)'> (0x00000000d5a9df88) 
thrown [s\src\hotspot\share\interpreter\linkResolver.cpp, line 773]
Event: 3.910 Thread 0x0000023fea4d6840 Exception <a 'java/lang/NoSuchMethodError'{0x00000000d5b8b048}: 'java.lang.Object java.lang.invoke.DirectMethodHandle$Holder.invokeSpecial(java.lang.Object, java.lang.Object, java.lang.Object, long, java.lang.Object)'> (0x00000000d5b8b048) 
thrown [s\src\hotspot\share\interpreter\linkResolver.cpp, line 773]
Event: 3.912 Thread 0x0000023fea4d6840 Exception <a 'java/lang/NoSuchMethodError'{0x00000000d5b92890}: 'java.lang.Object java.lang.invoke.DirectMethodHandle$Holder.newInvokeSpecial(java.lang.Object, java.lang.Object, java.lang.Object, long)'> (0x00000000d5b92890) 
thrown [s\src\hotspot\share\interpreter\linkResolver.cpp, line 773]
Event: 3.912 Thread 0x0000023fea4d6840 Exception <a 'java/lang/NoSuchMethodError'{0x00000000d5b96ea8}: 'java.lang.Object java.lang.invoke.DirectMethodHandle$Holder.invokeSpecial(java.lang.Object, java.lang.Object, java.lang.Object, java.lang.Object, long)'> (0x00000000d5b96ea8) 
thrown [s\src\hotspot\share\interpreter\linkResolver.cpp, line 773]
Event: 3.913 Thread 0x0000023fea4d6840 Exception <a 'java/lang/NoSuchMethodError'{0x00000000d5b9aac8}: 'java.lang.Object java.lang.invoke.Invokers$Holder.linkToTargetMethod(java.lang.Object, java.lang.Object, long, java.lang.Object)'> (0x00000000d5b9aac8) 
thrown [s\src\hotspot\share\interpreter\linkResolver.cpp, line 773]
Event: 3.922 Thread 0x0000023fea4d6840 Exception <a 'java/lang/NoSuchMethodError'{0x00000000d5c0cde0}: 'int java.lang.invoke.DirectMethodHandle$Holder.invokeStaticInit(java.lang.Object, java.lang.Object, java.lang.Object)'> (0x00000000d5c0cde0) 
thrown [s\src\hotspot\share\interpreter\linkResolver.cpp, line 773]
Event: 3.932 Thread 0x0000023fea4d6840 Exception <a 'java/lang/IncompatibleClassChangeError'{0x00000000d5c999a0}: Found class java.lang.Object, but interface was expected> (0x00000000d5c999a0) 
thrown [s\src\hotspot\share\interpreter\linkResolver.cpp, line 840]
Event: 3.939 Thread 0x0000023fea4d6840 Exception <a 'java/lang/NoSuchMethodError'{0x00000000d5cafaa0}: 'java.lang.Object java.lang.invoke.DirectMethodHandle$Holder.invokeSpecial(java.lang.Object, java.lang.Object, java.lang.Object, int, java.lang.Object, java.lang.Object)'> (0x00000000d5cafaa0) 
thrown [s\src\hotspot\share\interpreter\linkResolver.cpp, line 773]
Event: 3.940 Thread 0x0000023fea4d6840 Exception <a 'java/lang/NoSuchMethodError'{0x00000000d5cb7578}: 'java.lang.Object java.lang.invoke.DirectMethodHandle$Holder.newInvokeSpecial(java.lang.Object, java.lang.Object, java.lang.Object, int, java.lang.Object)'> (0x00000000d5cb7578) 
thrown [s\src\hotspot\share\interpreter\linkResolver.cpp, line 773]
Event: 3.940 Thread 0x0000023fea4d6840 Exception <a 'java/lang/NoSuchMethodError'{0x00000000d5cbb4f8}: 'java.lang.Object java.lang.invoke.DirectMethodHandle$Holder.invokeSpecial(java.lang.Object, java.lang.Object, java.lang.Object, java.lang.Object, int, java.lang.Object)'> (0x00000000d5cbb4f8) 
thrown [s\src\hotspot\share\interpreter\linkResolver.cpp, line 773]
Event: 3.940 Thread 0x0000023fea4d6840 Exception <a 'java/lang/NoSuchMethodError'{0x00000000d5cbf038}: 'java.lang.Object java.lang.invoke.Invokers$Holder.linkToTargetMethod(java.lang.Object, java.lang.Object, int, java.lang.Object, java.lang.Object)'> (0x00000000d5cbf038) 
thrown [s\src\hotspot\share\interpreter\linkResolver.cpp, line 773]
Event: 3.941 Thread 0x0000023fea4d40e0 Exception <a 'java/lang/NoSuchMethodError'{0x00000000d5be80f8}: 'java.lang.Object java.lang.invoke.DirectMethodHandle$Holder.invokeSpecial(java.lang.Object, java.lang.Object, int, java.lang.Object, java.lang.Object)'> (0x00000000d5be80f8) 
thrown [s\src\hotspot\share\interpreter\linkResolver.cpp, line 773]
Event: 3.942 Thread 0x0000023fea4d40e0 Exception <a 'java/lang/NoSuchMethodError'{0x00000000d5beee30}: 'java.lang.Object java.lang.invoke.DirectMethodHandle$Holder.newInvokeSpecial(java.lang.Object, java.lang.Object, int, java.lang.Object)'> (0x00000000d5beee30) 
thrown [s\src\hotspot\share\interpreter\linkResolver.cpp, line 773]
Event: 3.943 Thread 0x0000023fea4d40e0 Exception <a 'java/lang/NoSuchMethodError'{0x00000000d5bf2710}: 'java.lang.Object java.lang.invoke.DirectMethodHandle$Holder.invokeSpecial(java.lang.Object, java.lang.Object, java.lang.Object, int, java.lang.Object)'> (0x00000000d5bf2710) 
thrown [s\src\hotspot\share\interpreter\linkResolver.cpp, line 773]
Event: 3.969 Thread 0x0000023fea4d6840 Exception <a 'java/lang/NoSuchMethodError'{0x00000000d5de0530}: 'void java.lang.invoke.DirectMethodHandle$Holder.invokeSpecial(java.lang.Object, java.lang.Object, java.lang.Object, java.lang.Object, java.lang.Object)'> (0x00000000d5de0530) 
thrown [s\src\hotspot\share\interpreter\linkResolver.cpp, line 773]
Event: 4.011 Thread 0x0000023fea4d6840 Exception <a 'java/lang/NoSuchMethodError'{0x00000000d5ff4828}: 'double java.lang.invoke.DirectMethodHandle$Holder.invokeStatic(java.lang.Object, java.lang.Object)'> (0x00000000d5ff4828) 
thrown [s\src\hotspot\share\interpreter\linkResolver.cpp, line 773]
Event: 4.013 Thread 0x0000023fea4d6840 Exception <a 'java/lang/NoSuchMethodError'{0x00000000d5ff7ee8}: 'double java.lang.invoke.DirectMethodHandle$Holder.invokeStaticInit(java.lang.Object, java.lang.Object)'> (0x00000000d5ff7ee8) 
thrown [s\src\hotspot\share\interpreter\linkResolver.cpp, line 773]

ZGC Phase Switch (0 events):
No events

VM Operations (20 events):
Event: 2.365 Executing safepoint VM operation: Cleanup
Event: 2.365 Executing safepoint VM operation: Cleanup done
Event: 2.563 Executing safepoint VM operation: ParallelGCFailedAllocation (Allocation Failure)
Event: 2.568 Executing safepoint VM operation: ParallelGCFailedAllocation (Allocation Failure) done
Event: 2.743 Executing non-safepoint VM operation: HandshakeAllThreads (Deoptimize)
Event: 2.743 Executing non-safepoint VM operation: HandshakeAllThreads (Deoptimize) done
Event: 3.066 Executing non-safepoint VM operation: HandshakeAllThreads (Deoptimize)
Event: 3.066 Executing non-safepoint VM operation: HandshakeAllThreads (Deoptimize) done
Event: 3.213 Executing safepoint VM operation: ParallelGCFailedAllocation (Allocation Failure)
Event: 3.217 Executing safepoint VM operation: ParallelGCFailedAllocation (Allocation Failure) done
Event: 3.332 Executing non-safepoint VM operation: HandshakeAllThreads (Deoptimize)
Event: 3.332 Executing non-safepoint VM operation: HandshakeAllThreads (Deoptimize) done
Event: 3.338 Executing non-safepoint VM operation: HandshakeAllThreads (Deoptimize)
Event: 3.338 Executing non-safepoint VM operation: HandshakeAllThreads (Deoptimize) done
Event: 3.358 Executing non-safepoint VM operation: HandshakeAllThreads (Deoptimize)
Event: 3.358 Executing non-safepoint VM operation: HandshakeAllThreads (Deoptimize) done
Event: 3.639 Executing safepoint VM operation: ParallelGCFailedAllocation (Allocation Failure)
Event: 3.647 Executing safepoint VM operation: ParallelGCFailedAllocation (Allocation Failure) done
Event: 3.835 Executing non-safepoint VM operation: HandshakeAllThreads (Deoptimize)
Event: 3.835 Executing non-safepoint VM operation: HandshakeAllThreads (Deoptimize) done

Memory protections (0 events):
No events

Nmethod flushes (0 events):
No events

Events (20 events):
Event: 1.537 Thread 0x0000023fe593aeb0 Thread exited: 0x0000023fe593aeb0
Event: 1.719 Thread 0x0000023fcd407090 Thread added: 0x0000023fea46b0f0
Event: 1.724 Thread 0x0000023fcd407090 Thread added: 0x0000023fea0d8b60
Event: 2.153 Thread 0x0000023fcd45e1d0 Thread added: 0x0000023fe590acb0
Event: 2.350 Thread 0x0000023fea0d8b60 Thread exited: 0x0000023fea0d8b60
Event: 2.516 Thread 0x0000023fcd45e1d0 Thread added: 0x0000023fe590b340
Event: 2.520 Thread 0x0000023fcd45e1d0 Thread added: 0x0000023fea4d6840
Event: 2.585 Thread 0x0000023fea4d6840 Thread added: 0x0000023fea4d3a50
Event: 2.719 Thread 0x0000023fea46b0f0 Thread exited: 0x0000023fea46b0f0
Event: 2.837 Thread 0x0000023fcd3ebb90 Thread added: 0x0000023fea78a9a0
Event: 2.837 Thread 0x0000023fcd3ebb90 Thread added: 0x0000023fea6f3fd0
Event: 3.027 Thread 0x0000023fea6f3fd0 Thread exited: 0x0000023fea6f3fd0
Event: 3.104 Thread 0x0000023fea4d6840 Thread added: 0x0000023fea4d6ed0
Event: 3.444 Thread 0x0000023fea78a9a0 Thread added: 0x0000023feaafad40
Event: 3.758 Thread 0x0000023feaafad40 Thread exited: 0x0000023feaafad40
Event: 3.758 Thread 0x0000023fea78a9a0 Thread exited: 0x0000023fea78a9a0
Event: 3.859 Thread 0x0000023fea4d6840 Thread added: 0x0000023fea4d5b20
Event: 3.917 Thread 0x0000023fea4d6840 Thread added: 0x0000023fea4d40e0
Event: 3.942 Thread 0x0000023fea4d6840 Thread added: 0x0000023fea4d7560
Event: 3.996 Thread 0x0000023fcd407090 Thread added: 0x0000023feb317c80


Dynamic libraries:
0x00007ff73f310000 - 0x00007ff73f31e000 	c:\Users\LOQ\.vscode\extensions\redhat.java-1.56.0-win32-x64\jre\21.0.12.1-win32-x86_64\bin\java.exe
0x00007ff8a51e0000 - 0x00007ff8a5448000 	C:\WINDOWS\SYSTEM32\ntdll.dll
0x00007ff8a3b90000 - 0x00007ff8a3c59000 	C:\WINDOWS\System32\KERNEL32.DLL
0x00007ff8a2af0000 - 0x00007ff8a2ee2000 	C:\WINDOWS\System32\KERNELBASE.dll
0x00007ff8a2370000 - 0x00007ff8a24bb000 	C:\WINDOWS\System32\ucrtbase.dll
0x00007ff89a550000 - 0x00007ff89a568000 	c:\Users\LOQ\.vscode\extensions\redhat.java-1.56.0-win32-x64\jre\21.0.12.1-win32-x86_64\bin\jli.dll
0x00007ff89c3d0000 - 0x00007ff89c3ee000 	c:\Users\LOQ\.vscode\extensions\redhat.java-1.56.0-win32-x64\jre\21.0.12.1-win32-x86_64\bin\VCRUNTIME140.dll
0x00007ff8a3dc0000 - 0x00007ff8a3f85000 	C:\WINDOWS\System32\USER32.dll
0x00007ff8a2ac0000 - 0x00007ff8a2ae7000 	C:\WINDOWS\System32\win32u.dll
0x00007ff8849c0000 - 0x00007ff884c53000 	C:\WINDOWS\WinSxS\amd64_microsoft.windows.common-controls_6595b64144ccf1df_6.0.26100.6899_none_3e0efeeae32e88c1\COMCTL32.dll
0x00007ff8a5170000 - 0x00007ff8a519b000 	C:\WINDOWS\System32\GDI32.dll
0x00007ff8a4c60000 - 0x00007ff8a4d09000 	C:\WINDOWS\System32\msvcrt.dll
0x00007ff8a2640000 - 0x00007ff8a276d000 	C:\WINDOWS\System32\gdi32full.dll
0x00007ff8a2a10000 - 0x00007ff8a2ab3000 	C:\WINDOWS\System32\msvcp_win.dll
0x00007ff8a36c0000 - 0x00007ff8a36ef000 	C:\WINDOWS\System32\IMM32.DLL
0x00007ff89cba0000 - 0x00007ff89cbac000 	c:\Users\LOQ\.vscode\extensions\redhat.java-1.56.0-win32-x64\jre\21.0.12.1-win32-x86_64\bin\vcruntime140_1.dll
0x00007ff87b8c0000 - 0x00007ff87b94d000 	c:\Users\LOQ\.vscode\extensions\redhat.java-1.56.0-win32-x64\jre\21.0.12.1-win32-x86_64\bin\msvcp140.dll
0x00007ffff9180000 - 0x00007ffff9f22000 	c:\Users\LOQ\.vscode\extensions\redhat.java-1.56.0-win32-x64\jre\21.0.12.1-win32-x86_64\bin\server\jvm.dll
0x00007ff8a2fb0000 - 0x00007ff8a3064000 	C:\WINDOWS\System32\ADVAPI32.dll
0x00007ff8a30c0000 - 0x00007ff8a3166000 	C:\WINDOWS\System32\sechost.dll
0x00007ff8a3a60000 - 0x00007ff8a3b78000 	C:\WINDOWS\System32\RPCRT4.dll
0x00007ff8a39e0000 - 0x00007ff8a3a54000 	C:\WINDOWS\System32\WS2_32.dll
0x00007ff893890000 - 0x00007ff8938c5000 	C:\WINDOWS\SYSTEM32\WINMM.dll
0x00007ff89b980000 - 0x00007ff89b98b000 	C:\WINDOWS\SYSTEM32\VERSION.dll
0x00007ff8a2030000 - 0x00007ff8a208e000 	C:\WINDOWS\SYSTEM32\POWRPROF.dll
0x00007ff8a2010000 - 0x00007ff8a2024000 	C:\WINDOWS\SYSTEM32\UMPDC.dll
0x00007ff8a1140000 - 0x00007ff8a115b000 	C:\WINDOWS\SYSTEM32\kernel.appcore.dll
0x00007ff89c3c0000 - 0x00007ff89c3ca000 	c:\Users\LOQ\.vscode\extensions\redhat.java-1.56.0-win32-x64\jre\21.0.12.1-win32-x86_64\bin\jimage.dll
0x00007ff89f060000 - 0x00007ff89f2a2000 	C:\WINDOWS\SYSTEM32\DBGHELP.DLL
0x00007ff8a4df0000 - 0x00007ff8a516b000 	C:\WINDOWS\System32\combase.dll
0x00007ff8a4d10000 - 0x00007ff8a4de7000 	C:\WINDOWS\System32\OLEAUT32.dll
0x00007ff883520000 - 0x00007ff88355c000 	C:\WINDOWS\SYSTEM32\dbgcore.DLL
0x00007ff8a2970000 - 0x00007ff8a2a08000 	C:\WINDOWS\System32\bcryptPrimitives.dll
0x00007ff89c1d0000 - 0x00007ff89c1df000 	c:\Users\LOQ\.vscode\extensions\redhat.java-1.56.0-win32-x64\jre\21.0.12.1-win32-x86_64\bin\instrument.dll
0x00007ff88ab60000 - 0x00007ff88ab80000 	c:\Users\LOQ\.vscode\extensions\redhat.java-1.56.0-win32-x64\jre\21.0.12.1-win32-x86_64\bin\java.dll
0x00007ff8a4510000 - 0x00007ff8a4c5d000 	C:\WINDOWS\System32\SHELL32.dll
0x00007ff8a2800000 - 0x00007ff8a296b000 	C:\WINDOWS\System32\wintypes.dll
0x00007ff89ff90000 - 0x00007ff8a07ed000 	C:\WINDOWS\SYSTEM32\windows.storage.dll
0x00007ff8a3f90000 - 0x00007ff8a4082000 	C:\WINDOWS\System32\SHCORE.dll
0x00007ff8a3c60000 - 0x00007ff8a3cc2000 	C:\WINDOWS\System32\shlwapi.dll
0x00007ff8a2290000 - 0x00007ff8a22b9000 	C:\WINDOWS\SYSTEM32\profapi.dll
0x00007ff88a5c0000 - 0x00007ff88a5d8000 	c:\Users\LOQ\.vscode\extensions\redhat.java-1.56.0-win32-x64\jre\21.0.12.1-win32-x86_64\bin\zip.dll
0x00007ff89a540000 - 0x00007ff89a550000 	C:\Users\LOQ\.vscode\extensions\redhat.java-1.56.0-win32-x64\jre\21.0.12.1-win32-x86_64\bin\net.dll
0x00007ff899c80000 - 0x00007ff899d9f000 	C:\WINDOWS\SYSTEM32\WINHTTP.dll
0x00007ff8a16b0000 - 0x00007ff8a171b000 	C:\WINDOWS\system32\mswsock.dll
0x00007ff88a700000 - 0x00007ff88a716000 	C:\Users\LOQ\.vscode\extensions\redhat.java-1.56.0-win32-x64\jre\21.0.12.1-win32-x86_64\bin\nio.dll
0x00007ff892fc0000 - 0x00007ff892fd0000 	c:\Users\LOQ\.vscode\extensions\redhat.java-1.56.0-win32-x64\jre\21.0.12.1-win32-x86_64\bin\verify.dll
0x00007ff888600000 - 0x00007ff888645000 	C:\Users\LOQ\AppData\Roaming\Code\User\globalStorage\redhat.java\1.56.0\config_ss_win\org.eclipse.equinox.launcher\org.eclipse.equinox.launcher.win32.win32.x86_64_1.3.100.v20260804-1928\eclipse_11924.dll
0x00007ff8a4270000 - 0x00007ff8a4408000 	C:\WINDOWS\System32\ole32.dll
0x00007ff8a1960000 - 0x00007ff8a197b000 	C:\WINDOWS\SYSTEM32\CRYPTSP.dll
0x00007ff8a10a0000 - 0x00007ff8a10db000 	C:\WINDOWS\system32\rsaenh.dll
0x00007ff8a1750000 - 0x00007ff8a177b000 	C:\WINDOWS\SYSTEM32\USERENV.dll
0x00007ff8a2260000 - 0x00007ff8a2286000 	C:\WINDOWS\SYSTEM32\bcrypt.dll
0x00007ff8a1980000 - 0x00007ff8a198c000 	C:\WINDOWS\SYSTEM32\CRYPTBASE.dll
0x00007ff8a0c60000 - 0x00007ff8a0c94000 	C:\WINDOWS\SYSTEM32\IPHLPAPI.DLL
0x00007ff8a3780000 - 0x00007ff8a378a000 	C:\WINDOWS\System32\NSI.dll
0x00007ff888490000 - 0x00007ff8884d9000 	C:\Users\LOQ\AppData\Local\Temp\jna-75566\jna4974161398041877523.dll
0x00007ff8a3b80000 - 0x00007ff8a3b88000 	C:\WINDOWS\System32\PSAPI.DLL

JVMTI agents:
c:\Users\LOQ\.vscode\extensions\redhat.java-1.56.0-win32-x64\lombok\lombok-1.18.39-4050.jar path:c:\Users\LOQ\.vscode\extensions\redhat.java-1.56.0-win32-x64\jre\21.0.12.1-win32-x86_64\bin\instrument.dll, loaded, initialized, instrumentlib options:none

dbghelp: loaded successfully - version: 4.0.5 - missing functions: none
symbol engine: initialized successfully - sym options: 0x614 - pdb path: .;c:\Users\LOQ\.vscode\extensions\redhat.java-1.56.0-win32-x64\jre\21.0.12.1-win32-x86_64\bin;C:\WINDOWS\SYSTEM32;C:\WINDOWS\WinSxS\amd64_microsoft.windows.common-controls_6595b64144ccf1df_6.0.26100.6899_none_3e0efeeae32e88c1;c:\Users\LOQ\.vscode\extensions\redhat.java-1.56.0-win32-x64\jre\21.0.12.1-win32-x86_64\bin\server;C:\Users\LOQ\AppData\Roaming\Code\User\globalStorage\redhat.java\1.56.0\config_ss_win\org.eclipse.equinox.launcher\org.eclipse.equinox.launcher.win32.win32.x86_64_1.3.100.v20260804-1928;C:\Users\LOQ\AppData\Local\Temp\jna-75566

VM Arguments:
jvm_args: --add-modules=ALL-SYSTEM --add-opens=java.base/java.util=ALL-UNNAMED --add-opens=java.base/java.lang=ALL-UNNAMED --add-opens=java.base/sun.nio.fs=ALL-UNNAMED -Declipse.application=org.eclipse.jdt.ls.core.id1 -Dosgi.bundles.defaultStartLevel=4 -Declipse.product=org.eclipse.jdt.ls.core.product -Djava.import.generatesMetadataFilesAtProjectRoot=false -Dm2e.project.cache.size=50 -DDetectVMInstallationsJob.disabled=true -Dfile.encoding=utf8 -XX:+UseParallelGC -XX:GCTimeRatio=4 -XX:AdaptiveSizePolicyWeight=90 -Dsun.zip.disableMemoryMapping=true -Xmx2G -Xms100m -Xlog:disable -javaagent:c:\Users\LOQ\.vscode\extensions\redhat.java-1.56.0-win32-x64\lombok\lombok-1.18.39-4050.jar 
java_command: c:\Users\LOQ\.vscode\extensions\redhat.java-1.56.0-win32-x64\server\plugins\org.eclipse.equinox.launcher_1.8.0.v20260804-1928.jar -configuration c:\Users\LOQ\AppData\Roaming\Code\User\globalStorage\redhat.java\1.56.0\config_ss_win -data c:\Users\LOQ\AppData\Roaming\Code\User\workspaceStorage\a7a39547a06a3b6109950431f82cb49c\redhat.java\ss_ws --pipe=\\.\pipe\lsp-ffa38f8029bb222db150dfe5513ba571-sock
java_class_path (initial): c:\Users\LOQ\.vscode\extensions\redhat.java-1.56.0-win32-x64\server\plugins\org.eclipse.equinox.launcher_1.8.0.v20260804-1928.jar
Launcher Type: SUN_STANDARD

[Global flags]
    uintx AdaptiveSizePolicyWeight                 = 90                                        {product} {command line}
     intx CICompilerCount                          = 4                                         {product} {ergonomic}
    uintx GCTimeRatio                              = 4                                         {product} {command line}
   size_t InitialHeapSize                          = 104857600                                 {product} {command line}
   size_t MaxHeapSize                              = 2147483648                                {product} {command line}
   size_t MaxNewSize                               = 715653120                                 {product} {ergonomic}
   size_t MinHeapDeltaBytes                        = 524288                                    {product} {ergonomic}
   size_t MinHeapSize                              = 104857600                                 {product} {command line}
   size_t NewSize                                  = 34603008                                  {product} {ergonomic}
    uintx NonNMethodCodeHeapSize                   = 5839372                                {pd product} {ergonomic}
    uintx NonProfiledCodeHeapSize                  = 122909434                              {pd product} {ergonomic}
   size_t OldSize                                  = 70254592                                  {product} {ergonomic}
    uintx ProfiledCodeHeapSize                     = 122909434                              {pd product} {ergonomic}
    uintx ReservedCodeCacheSize                    = 251658240                              {pd product} {ergonomic}
     bool SegmentedCodeCache                       = true                                      {product} {ergonomic}
   size_t SoftMaxHeapSize                          = 2147483648                             {manageable} {ergonomic}
     bool UseCompressedOops                        = true                           {product lp64_product} {ergonomic}
     bool UseLargePagesIndividualAllocation        = false                                  {pd product} {ergonomic}
     bool UseParallelGC                            = true                                      {product} {command line}

Logging:
Log output configuration:
 #0: stdout all=off uptime,level,tags foldmultilines=false
 #1: stderr all=off uptime,level,tags foldmultilines=false

Release file:
JAVA_VERSION="21.0.12.1" 
MODULES="java.base java.compiler java.datatransfer java.xml java.prefs java.desktop java.instrument java.logging java.management java.security.sasl java.naming java.rmi java.management.rmi java.net.http java.scripting java.security.jgss java.transaction.xa java.sql java.sql.rowset java.xml.crypto java.se java.smartcardio jdk.accessibility jdk.internal.jvmstat jdk.attach jdk.charsets jdk.internal.opt jdk.zipfs jdk.compiler jdk.crypto.ec jdk.crypto.cryptoki jdk.crypto.mscapi jdk.dynalink jdk.internal.ed jdk.editpad jdk.hotspot.agent jdk.httpserver jdk.internal.le jdk.internal.vm.ci jdk.internal.vm.compiler jdk.internal.vm.compiler.management jdk.jartool jdk.javadoc jdk.jcmd jdk.management jdk.management.agent jdk.jconsole jdk.jdeps jdk.jdwp.agent jdk.jdi jdk.jfr jdk.jshell jdk.jsobject jdk.jstatd jdk.localedata jdk.management.jfr jdk.naming.dns jdk.naming.rmi jdk.net jdk.nio.mapmode jdk.random jdk.sctp jdk.security.auth jdk.security.jgss jdk.unsupported jdk.unsupported.desktop jdk.xml.dom" 

Environment Variables:
PATH=C:\Program Files (x86)\Common Files\Intel\Shared Libraries\redist\intel64\compiler;C:\Program Files\Common Files\Oracle\Java\javapath;C:\WINDOWS\system32;C:\WINDOWS;C:\WINDOWS\System32\Wbem;C:\WINDOWS\System32\WindowsPowerShell\v1.0\;C:\WINDOWS\System32\OpenSSH\;C:\Program Files (x86)\NVIDIA Corporation\PhysX\Common;C:\Program Files\NVIDIA Corporation\NVIDIA NvDLISR;C:\Users\LOQ\Downloads\apache-maven-3.9.9-bin\apache-maven-3.9.9\bin;C:\Program Files\Git\cmd;C:\Program Files\nodejs\;C:\ProgramData\chocolatey\bin;C:\Program Files\Maven\apache-maven-3.9.11-bin\bin;C:\flutter\bin;C:\Program Files (x86)\Microsoft SQL Server\160\Tools\Binn\;C:\Program Files\Microsoft SQL Server\160\Tools\Binn\;C:\Program Files\Microsoft SQL Server\Client SDK\ODBC\170\Tools\Binn\;C:\Program Files\Microsoft SQL Server\160\DTS\Binn\;C:\Users\LOQ\AppData\Local\Microsoft\WindowsApps;C:\Users\LOQ\AppData\Local\Programs\Microsoft VS Code\bin;C:\Users\LOQ\AppData\Local\GitHubDesktop\bin;D:\src\flutter_windows_3.29.2-stable\flutter\bin;C:\Users\LOQ\AppData\Roaming\npm;C:\flutter\bin;C:\Users\LOQ\AppData\Local\Programs\Antigravity\bin
USERNAME=LOQ
OS=Windows_NT
PROCESSOR_IDENTIFIER=AMD64 Family 25 Model 68 Stepping 1, AuthenticAMD
TMP=C:\Users\LOQ\AppData\Local\Temp
TEMP=C:\Users\LOQ\AppData\Local\Temp




Periodic native trim disabled

---------------  S Y S T E M  ---------------

OS:
 Windows 11 , 64 bit Build 26100 (10.0.26100.6725)
OS uptime: 1 days 14:07 hours
Hyper-V role detected

CPU: total 8 (initial active 8) (8 cores per cpu, 2 threads per core) family 25 model 68 stepping 1 microcode 0xa404105, cx8, cmov, fxsr, ht, mmx, 3dnowpref, sse, sse2, sse3, ssse3, sse4a, sse4.1, sse4.2, popcnt, lzcnt, tsc, tscinvbit, avx, avx2, aes, erms, clmul, bmi1, bmi2, adx, sha, fma, vzeroupper, clflush, clflushopt, hv, rdtscp, rdpid, fsrm, f16c, cet_ss
Processor Information for the first 8 processors :
  Max Mhz: 3201, Current Mhz: 3201, Mhz Limit: 3201

Memory: 4k page, system-wide physical 11972M (913M free)
TotalPageFile size 31549M (AvailPageFile size 129M)
current process WorkingSet (physical memory assigned to process): 130M, peak: 130M
current process commit charge ("private bytes"): 263M, peak: 264M

vm_info: OpenJDK 64-Bit Server VM (21.0.12.1+1-LTS) for windows-amd64 JRE (21.0.12.1+1-LTS), built on 2026-08-18T00:00:00Z by "admin" with MS VC++ 17.12 (VS2022)

END.
