#
# There is insufficient memory for the Java Runtime Environment to continue.
# Native memory allocation (malloc) failed to allocate 32744 bytes. Error detail: Chunk::new
# Possible reasons:
#   The system is out of physical RAM or swap space
#   This process is running with CompressedOops enabled, and the Java Heap may be blocking the growth of the native heap
# Possible solutions:
#   Reduce memory load on the system
#   Increase physical memory or swap space
#   Check if swap backing store is full
#   Decrease Java heap size (-Xmx/-Xms)
#   Decrease number of Java threads
#   Decrease Java thread stack sizes (-Xss)
#   Set larger code cache with -XX:ReservedCodeCacheSize=
#   JVM is running with Unscaled Compressed Oops mode in which the Java heap is
#     placed in the first 4GB address space. The Java Heap base address is the
#     maximum limit for the native heap growth. Please use -XX:HeapBaseMinAddress
#     to set the Java Heap base and to place the Java Heap above 4GB virtual address.
# This output file may be truncated or incomplete.
#
#  Out of Memory Error (arena.cpp:168), pid=9460, tid=11760
#
# JRE version: OpenJDK Runtime Environment Temurin-21.0.12.1+1 (21.0.12.1+1) (build 21.0.12.1+1-LTS)
# Java VM: OpenJDK 64-Bit Server VM Temurin-21.0.12.1+1 (21.0.12.1+1-LTS, mixed mode, sharing, tiered, compressed oops, compressed class ptrs, parallel gc, windows-amd64)
# No core dump will be written. Minidumps are not enabled by default on client versions of Windows
#

---------------  S U M M A R Y ------------

Command Line: --add-modules=ALL-SYSTEM --add-opens=java.base/java.util=ALL-UNNAMED --add-opens=java.base/java.lang=ALL-UNNAMED --add-opens=java.base/sun.nio.fs=ALL-UNNAMED -Declipse.application=org.eclipse.jdt.ls.core.id1 -Dosgi.bundles.defaultStartLevel=4 -Declipse.product=org.eclipse.jdt.ls.core.product -Djava.import.generatesMetadataFilesAtProjectRoot=false -Dm2e.project.cache.size=50 -DDetectVMInstallationsJob.disabled=true -Dfile.encoding=utf8 -XX:+UseParallelGC -XX:GCTimeRatio=4 -XX:AdaptiveSizePolicyWeight=90 -Dsun.zip.disableMemoryMapping=true -Xmx2G -Xms100m -Xlog:disable -javaagent:c:\Users\LOQ\.vscode\extensions\redhat.java-1.56.0-win32-x64\lombok\lombok-1.18.39-4050.jar -XX:+HeapDumpOnOutOfMemoryError -XX:HeapDumpPath=c:\Users\LOQ\AppData\Roaming\Code\User\workspaceStorage\a7a39547a06a3b6109950431f82cb49c\redhat.java -Daether.dependencyCollector.impl=bf c:\Users\LOQ\.vscode\extensions\redhat.java-1.56.0-win32-x64\server\plugins\org.eclipse.equinox.launcher_1.8.0.v20260804-1928.jar -configuration c:\Users\LOQ\AppData\Roaming\Code\User\globalStorage\redhat.java\1.56.0\config_win -data c:\Users\LOQ\AppData\Roaming\Code\User\workspaceStorage\a7a39547a06a3b6109950431f82cb49c\redhat.java\jdt_ws --pipe=\\.\pipe\lsp-05cdc9cc07ffec1f4dabecb4a17c3768-sock

Host: AMD Ryzen 5 7235HS                             , 8 cores, 11G,  Windows 11 , 64 bit Build 26100 (10.0.26100.6725)
Time: Fri Sep 11 15:10:29 2026 Sri Lanka Standard Time elapsed time: 38.370683 seconds (0d 0h 0m 38s)

---------------  T H R E A D  ---------------

Current thread (0x00000251786d9a40):  JavaThread "Worker-4: Initialize workspace"        [_thread_in_vm, id=11760, stack(0x000000e67b500000,0x000000e67b600000) (1024K)]

Stack: [0x000000e67b500000,0x000000e67b600000]
Native frames: (J=compiled Java code, j=interpreted, Vv=VM code, C=native code)
V  [jvm.dll+0x6d83e9]
V  [jvm.dll+0x8b5736]
V  [jvm.dll+0x8b7cee]
V  [jvm.dll+0x8b83d3]
V  [jvm.dll+0x284596]
V  [jvm.dll+0xc685d]
V  [jvm.dll+0xc6da1]
V  [jvm.dll+0x8a5150]
V  [jvm.dll+0x8a8b00]
V  [jvm.dll+0x8a1fc6]
V  [jvm.dll+0x3ccb68]
V  [jvm.dll+0x3cb967]
V  [jvm.dll+0x3cb908]
V  [jvm.dll+0x3dd3aa]
C  0x00000251646a9274

The last pc belongs to new (printed below).
Java frames: (J=compiled Java code, j=interpreted, Vv=VM code)
j  org.apache.maven.lifecycle.mapping.Lifecycle.setPhases(Ljava/util/Map;)V+51
j  java.lang.invoke.DirectMethodHandle$Holder.invokeVirtual(Ljava/lang/Object;Ljava/lang/Object;Ljava/lang/Object;)V+11 java.base@21.0.12.1
j  java.lang.invoke.LambdaForm$MH+0x0000025101178800.invoke(Ljava/lang/Object;Ljava/lang/Object;Ljava/lang/Object;)Ljava/lang/Object;+52 java.base@21.0.12.1
J 3889 c1 java.lang.invoke.Invokers$Holder.invokeExact_MT(Ljava/lang/Object;Ljava/lang/Object;Ljava/lang/Object;Ljava/lang/Object;)Ljava/lang/Object; java.base@21.0.12.1 (24 bytes) @ 0x000002515d92a044 [0x000002515d929ba0+0x00000000000004a4]
J 1533 c1 jdk.internal.reflect.DirectMethodHandleAccessor.invoke(Ljava/lang/Object;[Ljava/lang/Object;)Ljava/lang/Object; java.base@21.0.12.1 (92 bytes) @ 0x000002515d3fd064 [0x000002515d3fbc80+0x00000000000013e4]
J 1537 c1 java.lang.reflect.Method.invoke(Ljava/lang/Object;[Ljava/lang/Object;)Ljava/lang/Object; java.base@21.0.12.1 (108 bytes) @ 0x000002515d403554 [0x000002515d403040+0x0000000000000514]
j  org.eclipse.sisu.bean.BeanPropertySetter.set(Ljava/lang/Object;Ljava/lang/Object;)V+32
j  org.eclipse.sisu.plexus.PlexusXmlBeanConverter.parseBean(Lorg/codehaus/plexus/util/xml/pull/MXParser;Lcom/google/inject/TypeLiteral;Ljava/lang/Class;)Ljava/lang/Object;+240
j  org.eclipse.sisu.plexus.PlexusXmlBeanConverter.parse(Lorg/codehaus/plexus/util/xml/pull/MXParser;Lcom/google/inject/TypeLiteral;)Ljava/lang/Object;+112
j  org.eclipse.sisu.plexus.PlexusXmlBeanConverter.parseCollection(Lorg/codehaus/plexus/util/xml/pull/MXParser;Lcom/google/inject/TypeLiteral;)Ljava/util/Collection;+22
j  org.eclipse.sisu.plexus.PlexusXmlBeanConverter.parse(Lorg/codehaus/plexus/util/xml/pull/MXParser;Lcom/google/inject/TypeLiteral;)Ljava/lang/Object;+86
j  org.eclipse.sisu.plexus.PlexusXmlBeanConverter.convert(Lcom/google/inject/TypeLiteral;Ljava/lang/String;)Ljava/lang/Object;+40
j  org.eclipse.sisu.plexus.PlexusConfigurations$ConfigurationProvider.get()Ljava/lang/Object;+20
j  org.eclipse.sisu.plexus.ProvidedPropertyBinding.injectProperty(Ljava/lang/Object;)V+9
j  org.eclipse.sisu.bean.BeanInjector.injectMembers(Ljava/lang/Object;)V+26
J 6181 c1 com.google.inject.internal.MembersInjectorImpl.injectMembers(Ljava/lang/Object;Lcom/google/inject/internal/InternalContext;Z)V (144 bytes) @ 0x000002515dcb2e4c [0x000002515dcb23c0+0x0000000000000a8c]
j  com.google.inject.internal.ConstructorInjector.provision(Lcom/google/inject/internal/InternalContext;Lcom/google/inject/internal/ConstructionContext;)Ljava/lang/Object;+59
j  com.google.inject.internal.ConstructorInjector.access$000(Lcom/google/inject/internal/ConstructorInjector;Lcom/google/inject/internal/InternalContext;Lcom/google/inject/internal/ConstructionContext;)Ljava/lang/Object;+3
j  com.google.inject.internal.ConstructorInjector$1.call()Ljava/lang/Object;+12
J 6166 c1 com.google.inject.internal.ProvisionListenerStackCallback$Provision.provision()Ljava/lang/Object; (140 bytes) @ 0x000002515dcafe24 [0x000002515dcafcc0+0x0000000000000164]
J 6166 c1 com.google.inject.internal.ProvisionListenerStackCallback$Provision.provision()Ljava/lang/Object; (140 bytes) @ 0x000002515dcaffb4 [0x000002515dcafcc0+0x00000000000002f4]
J 6298 c1 com.google.inject.internal.ProvisionListenerStackCallback.provision(Lcom/google/inject/internal/InternalContext;Lcom/google/inject/internal/ProvisionListenerStackCallback$ProvisionCallback;)Ljava/lang/Object; (107 bytes) @ 0x000002515dcf0ca4 [0x000002515dcf0ac0+0x00000000000001e4]
j  com.google.inject.internal.ConstructorInjector.construct(Lcom/google/inject/internal/InternalContext;Lcom/google/inject/spi/Dependency;Lcom/google/inject/internal/ProvisionListenerStackCallback;)Ljava/lang/Object;+113
j  com.google.inject.internal.ConstructorBindingImpl$Factory.get(Lcom/google/inject/internal/InternalContext;Lcom/google/inject/spi/Dependency;Z)Ljava/lang/Object;+48
J 6224 c1 com.google.inject.internal.InjectorImpl$1.get()Ljava/lang/Object; (54 bytes) @ 0x000002515dcc78fc [0x000002515dcc77a0+0x000000000000015c]
j  com.google.inject.internal.InjectorImpl.getInstance(Ljava/lang/Class;)Ljava/lang/Object;+5
j  org.eclipse.sisu.space.AbstractDeferredClass.get()Ljava/lang/Object;+8
j  com.google.inject.internal.ProviderInternalFactory.provision(Ljavax/inject/Provider;Lcom/google/inject/spi/Dependency;Lcom/google/inject/internal/ConstructionContext;)Ljava/lang/Object;+1
j  com.google.inject.internal.InternalFactoryToInitializableAdapter.provision(Ljavax/inject/Provider;Lcom/google/inject/spi/Dependency;Lcom/google/inject/internal/ConstructionContext;)Ljava/lang/Object;+4
j  com.google.inject.internal.ProviderInternalFactory$1.call()Ljava/lang/Object;+16
J 6166 c1 com.google.inject.internal.ProvisionListenerStackCallback$Provision.provision()Ljava/lang/Object; (140 bytes) @ 0x000002515dcafe24 [0x000002515dcafcc0+0x0000000000000164]
J 8757 c1 org.eclipse.sisu.bean.BeanScheduler$CycleActivator.onProvision(Lcom/google/inject/spi/ProvisionListener$ProvisionInvocation;)V (105 bytes) @ 0x000002515e3394e4 [0x000002515e3387e0+0x0000000000000d04]
J 6166 c1 com.google.inject.internal.ProvisionListenerStackCallback$Provision.provision()Ljava/lang/Object; (140 bytes) @ 0x000002515dcaff2c [0x000002515dcafcc0+0x000000000000026c]
J 6298 c1 com.google.inject.internal.ProvisionListenerStackCallback.provision(Lcom/google/inject/internal/InternalContext;Lcom/google/inject/internal/ProvisionListenerStackCallback$ProvisionCallback;)Ljava/lang/Object; (107 bytes) @ 0x000002515dcf0ca4 [0x000002515dcf0ac0+0x00000000000001e4]
j  com.google.inject.internal.ProviderInternalFactory.circularGet(Ljavax/inject/Provider;Lcom/google/inject/internal/InternalContext;Lcom/google/inject/spi/Dependency;Lcom/google/inject/internal/ProvisionListenerStackCallback;)Ljava/lang/Object;+91
j  com.google.inject.internal.InternalFactoryToInitializableAdapter.get(Lcom/google/inject/internal/InternalContext;Lcom/google/inject/spi/Dependency;Z)Ljava/lang/Object;+19
j  com.google.inject.internal.ProviderToInternalFactoryAdapter.get()Ljava/lang/Object;+18
J 6216 c1 com.google.inject.internal.SingletonScope$1.get()Ljava/lang/Object; (425 bytes) @ 0x000002515dcc09cc [0x000002515dcc03a0+0x000000000000062c]
J 6215 c1 com.google.inject.internal.InternalFactoryToProviderAdapter.get(Lcom/google/inject/internal/InternalContext;Lcom/google/inject/spi/Dependency;Z)Ljava/lang/Object; (54 bytes) @ 0x000002515dcbf8cc [0x000002515dcbf780+0x000000000000014c]
J 6224 c1 com.google.inject.internal.InjectorImpl$1.get()Ljava/lang/Object; (54 bytes) @ 0x000002515dcc78fc [0x000002515dcc77a0+0x000000000000015c]
J 8885 c1 org.eclipse.sisu.inject.LazyBeanEntry.getValue()Ljava/lang/Object; (10 bytes) @ 0x000002515d18be4c [0x000002515d18bd40+0x000000000000010c]
j  org.eclipse.sisu.plexus.LazyPlexusBean.getValue()Ljava/lang/Object;+4
j  java.util.AbstractMap.get(Ljava/lang/Object;)Ljava/lang/Object;+85 java.base@21.0.12.1
j  org.apache.maven.lifecycle.internal.DefaultLifecyclePluginAnalyzer.getPluginsBoundByDefaultToAllLifecycles(Ljava/lang/String;)Ljava/util/Set;+59
j  org.apache.maven.model.plugin.DefaultLifecycleBindingsInjector.injectLifecycleBindings(Lorg/apache/maven/model/Model;Lorg/apache/maven/model/building/ModelBuildingRequest;Lorg/apache/maven/model/building/ModelProblemCollector;)V+12
j  org.apache.maven.model.building.DefaultModelBuilder.build(Lorg/apache/maven/model/building/ModelBuildingRequest;Lorg/apache/maven/model/building/ModelBuildingResult;Ljava/util/Collection;)Lorg/apache/maven/model/building/ModelBuildingResult;+111
j  org.apache.maven.model.building.DefaultModelBuilder.build(Lorg/apache/maven/model/building/ModelBuildingRequest;Lorg/apache/maven/model/building/ModelBuildingResult;)Lorg/apache/maven/model/building/ModelBuildingResult;+10
j  org.apache.maven.project.DefaultProjectBuilder.build(Ljava/util/List;Ljava/util/List;Ljava/util/Map;Ljava/util/List;Lorg/apache/maven/project/ProjectBuildingRequest;Ljava/util/Map;Lorg/eclipse/aether/RepositorySystemSession;)Z+58
j  org.apache.maven.project.DefaultProjectBuilder.build(Ljava/util/List;ZLorg/apache/maven/project/ProjectBuildingRequest;)Ljava/util/List;+146
j  org.eclipse.m2e.core.internal.IMavenToolbox.readMavenProjects(Ljava/util/Collection;Lorg/apache/maven/project/ProjectBuildingRequest;)Ljava/util/Map;+72
j  org.eclipse.m2e.core.internal.project.registry.ProjectRegistryManager.lambda$22(Lorg/eclipse/m2e/core/internal/embedder/MavenExecutionContext;Lorg/eclipse/core/resources/IFile;Lorg/eclipse/m2e/core/embedder/IMavenExecutionContext;Lorg/eclipse/core/runtime/IProgressMonitor;)Ljava/util/Map;+47
j  org.eclipse.m2e.core.internal.project.registry.ProjectRegistryManager$$Lambda+0x0000025101572c80.call(Lorg/eclipse/m2e/core/embedder/IMavenExecutionContext;Lorg/eclipse/core/runtime/IProgressMonitor;)Ljava/lang/Object;+10
j  org.eclipse.m2e.core.internal.embedder.MavenExecutionContext.executeBare(Lorg/apache/maven/project/MavenProject;Lorg/eclipse/m2e/core/embedder/ICallable;Lorg/eclipse/core/runtime/IProgressMonitor;)Ljava/lang/Object;+117
j  org.eclipse.m2e.core.internal.embedder.MavenExecutionContext.execute(Lorg/apache/maven/project/MavenProject;Lorg/eclipse/m2e/core/embedder/ICallable;Lorg/eclipse/core/runtime/IProgressMonitor;)Ljava/lang/Object;+383
j  org.eclipse.m2e.core.internal.embedder.MavenExecutionContext.execute(Lorg/eclipse/m2e/core/embedder/ICallable;Lorg/eclipse/core/runtime/IProgressMonitor;)Ljava/lang/Object;+4
j  org.eclipse.m2e.core.internal.project.registry.ProjectRegistryManager.readProjectsWithDependencies(Lorg/eclipse/core/resources/IFile;Lorg/eclipse/m2e/core/project/IProjectConfiguration;Lorg/eclipse/core/runtime/IProgressMonitor;)Ljava/util/Collection;+72
j  org.eclipse.m2e.core.internal.project.registry.ProjectRegistryManager.readProjectWithDependencies(Lorg/eclipse/m2e/core/project/IMavenProjectFacade;)Lorg/apache/maven/project/MavenProject;+18
j  org.eclipse.m2e.core.internal.project.registry.ProjectRegistryManager$$Lambda+0x00000251015723d0.apply(Ljava/lang/Object;)Ljava/lang/Object;+8
j  org.eclipse.m2e.core.internal.project.registry.MavenProjectCache$CacheLine.lambda$1(Ljava/util/function/Function;Lorg/eclipse/m2e/core/project/IMavenProjectFacade;Ljava/io/File;)Lorg/apache/maven/project/MavenProject;+2
j  org.eclipse.m2e.core.internal.project.registry.MavenProjectCache$CacheLine$$Lambda+0x0000025101572828.apply(Ljava/lang/Object;)Ljava/lang/Object;+16
J 1659 c1 java.util.concurrent.ConcurrentHashMap.computeIfAbsent(Ljava/lang/Object;Ljava/util/function/Function;)Ljava/lang/Object; java.base@21.0.12.1 (576 bytes) @ 0x000002515d435314 [0x000002515d434d40+0x00000000000005d4]
j  org.eclipse.m2e.core.internal.project.registry.MavenProjectCache$CacheLine.getProject(Lorg/eclipse/m2e/core/project/IMavenProjectFacade;Ljava/util/function/Function;)Lorg/apache/maven/project/MavenProject;+38
j  org.eclipse.m2e.core.internal.project.registry.MavenProjectCache.getMavenProject(Lorg/eclipse/m2e/core/project/IMavenProjectFacade;Ljava/util/function/Function;)Lorg/apache/maven/project/MavenProject;+39
j  org.eclipse.m2e.core.internal.project.registry.ProjectRegistryManager.lambda$24(Lorg/eclipse/m2e/core/project/IMavenProjectFacade;)Lorg/apache/maven/project/MavenProject;+11
j  org.eclipse.m2e.core.internal.project.registry.ProjectRegistryManager$$Lambda+0x0000025101572188.apply(Ljava/lang/Object;)Ljava/lang/Object;+8
j  java.util.Map.computeIfAbsent(Ljava/lang/Object;Ljava/util/function/Function;)Ljava/lang/Object;+19 java.base@21.0.12.1
j  org.eclipse.m2e.core.internal.project.registry.ProjectRegistryManager.getMavenProject(Lorg/eclipse/m2e/core/project/IMavenProjectFacade;Lorg/eclipse/core/runtime/IProgressMonitor;)Lorg/apache/maven/project/MavenProject;+12
j  org.eclipse.m2e.core.internal.project.registry.MavenProjectFacade.tryGetMavenProject()Lorg/apache/maven/project/MavenProject;+6
j  org.eclipse.m2e.core.internal.project.registry.MavenProjectFacade.createExecutionContext()Lorg/eclipse/m2e/core/embedder/IMavenExecutionContext;+43
j  org.eclipse.m2e.jdt.internal.launch.MavenRuntimeClasspathProvider.resolveClasspath([Lorg/eclipse/jdt/launching/IRuntimeClasspathEntry;Lorg/eclipse/debug/core/ILaunchConfiguration;)[Lorg/eclipse/jdt/launching/IRuntimeClasspathEntry;+65
j  org.eclipse.jdt.internal.launching.RuntimeClasspathProvider.resolveClasspath([Lorg/eclipse/jdt/launching/IRuntimeClasspathEntry;Lorg/eclipse/debug/core/ILaunchConfiguration;)[Lorg/eclipse/jdt/launching/IRuntimeClasspathEntry;+6
j  org.eclipse.jdt.launching.JavaRuntime.resolveRuntimeClasspath([Lorg/eclipse/jdt/launching/IRuntimeClasspathEntry;Lorg/eclipse/debug/core/ILaunchConfiguration;)[Lorg/eclipse/jdt/launching/IRuntimeClasspathEntry;+24
j  org.eclipse.jdt.launching.AbstractJavaLaunchConfigurationDelegate.getClasspathAndModulepath(Lorg/eclipse/debug/core/ILaunchConfiguration;)[[Ljava/lang/String;+7
j  org.eclipse.jdt.ls.core.internal.commands.ProjectCommand.lambda$8(Lorg/eclipse/jdt/launching/JavaLaunchDelegate;Lorg/eclipse/debug/core/ILaunchConfiguration;[Lorg/eclipse/jdt/ls/core/internal/commands/ProjectCommand$ClasspathResult;Lorg/eclipse/jdt/core/IJavaProject;Lorg/eclipse/core/runtime/IProgressMonitor;)V+2
j  org.eclipse.jdt.ls.core.internal.commands.ProjectCommand$$Lambda+0x00000251016cef48.run(Lorg/eclipse/core/runtime/IProgressMonitor;)V+17
j  org.eclipse.core.internal.resources.Workspace.run(Lorg/eclipse/core/runtime/ICoreRunnable;Lorg/eclipse/core/runtime/jobs/ISchedulingRule;ILorg/eclipse/core/runtime/IProgressMonitor;)V+69
j  org.eclipse.core.internal.resources.Workspace.run(Lorg/eclipse/core/resources/IWorkspaceRunnable;Lorg/eclipse/core/runtime/jobs/ISchedulingRule;ILorg/eclipse/core/runtime/IProgressMonitor;)V+6
j  org.eclipse.jdt.ls.core.internal.commands.ProjectCommand.getClasspathsFromJavaProject(Lorg/eclipse/jdt/core/IJavaProject;Lorg/eclipse/jdt/ls/core/internal/commands/ProjectCommand$ClasspathOptions;)Lorg/eclipse/jdt/ls/core/internal/commands/ProjectCommand$ClasspathResult;+156
j  org.eclipse.jdt.ls.core.internal.preferences.Preferences.updateAnnotationNullAnalysisOptions(Lorg/eclipse/jdt/core/IJavaProject;Z)Z+79
j  org.eclipse.jdt.ls.core.internal.preferences.Preferences.updateAnnotationNullAnalysisOptions(Z)Z+35
j  org.eclipse.jdt.ls.core.internal.preferences.Preferences.updateAnnotationNullAnalysisOptions()Z+34
j  org.eclipse.jdt.ls.core.internal.managers.StandardProjectsManager.projectsBuildFinished(Lorg/eclipse/core/runtime/IProgressMonitor;)V+66
j  org.eclipse.jdt.ls.core.internal.handlers.JDTLanguageServer$2.run(Lorg/eclipse/core/runtime/IProgressMonitor;)Lorg/eclipse/core/runtime/IStatus;+126
j  org.eclipse.core.internal.jobs.Worker.run()V+32
v  ~StubRoutines::call_stub 0x000002516469100d
new  187 new  [0x00000251646a90e0, 0x00000251646a92e8]  520 bytes
[MachCode]
  0x00000251646a90e0: 4883 ec08 | c5fa 1104 | 24eb 1f48 | 83ec 10c5 | fb11 0424 | eb14 4883 | ec10 4889 | 0424 48c7 
  0x00000251646a9100: 4424 0800 | 0000 00eb | 0150 410f | b755 010f | cac1 ea10 | 488b 4de8 | 488b 4908 | 488b 4908 
  0x00000251646a9120: 488b 4108 | 807c 1004 | 070f 85d3 | 0000 0066 | 8b54 d148 | 488b 4928 | 488b 4cd1 | 0851 80b9 
  0x00000251646a9140: 3101 0000 | 040f 85b6 | 0000 008b | 5108 f6c2 | 010f 85aa | 0000 0049 | 8b87 b801 | 0000 488d 
  0x00000251646a9160: 1c10 493b | 9fc8 0100 | 000f 8792 | 0000 0049 | 899f b801 | 0000 4883 | ea10 0f84 | 0f00 0000 
  0x00000251646a9180: 33c9 c1ea | 0348 894c | d008 48ff | ca75 f648 | c700 0100 | 0000 5933 | f689 700c | 49ba 0000 
  0x00000251646a91a0: 0000 5102 | 0000 492b | ca89 4808 | 49ba 076d | 4517 fd7f | 0000 4180 | 3a00 0f84 | 3c00 0000 
  0x00000251646a91c0: 5048 8bc8 | 4883 ec20 | 40f6 c40f | 0f84 1900 | 0000 4883 | ec08 48b8 | 20eb ee16 | fd7f 0000 
  0x00000251646a91e0: ffd0 4883 | c408 e90c | 0000 0048 | b820 ebee | 16fd 7f00 | 00ff d048 | 83c4 2058 | e9cb 0000 
  0x00000251646a9200: 0059 488b | 55e8 488b | 5208 488b | 5208 450f | b745 0141 | 0fc8 41c1 | e810 e805 | 0000 00e9 
  0x00000251646a9220: a800 0000 | 488d 4424 | 084c 896d | c049 8bcf | c5f8 7749 | 89af b003 | 0000 4989 | 87a0 0300 
  0x00000251646a9240: 0048 83ec | 2040 f6c4 | 0f0f 8419 | 0000 0048 | 83ec 0848 | b820 d3b8 | 16fd 7f00 | 00ff d048 
  0x00000251646a9260: 83c4 08e9 | 0c00 0000 | 48b8 20d3 | b816 fd7f | 0000 ffd0 | 4883 c420 | 49c7 87a0 | 0300 0000 
  0x00000251646a9280: 0000 0049 | c787 b003 | 0000 0000 | 0000 49c7 | 87a8 0300 | 0000 0000 | 00c5 f877 | 4983 7f08 
  0x00000251646a92a0: 000f 8405 | 0000 00e9 | 547c feff | 498b 87f8 | 0300 0049 | c787 f803 | 0000 0000 | 0000 4c8b 
  0x00000251646a92c0: 6dc0 4c8b | 75c8 4e8d | 74f5 00c3 | 410f b65d | 0349 83c5 | 0349 ba50 | 3548 17fd | 7f00 0041 
  0x00000251646a92e0: ff24 da0f | 1f44 0000 
[/MachCode]

Compiled method (c1) 38466 3889       3       java.lang.invoke.Invokers$Holder::invokeExact_MT (24 bytes)
 total in heap  [0x000002515d929990,0x000002515d92a3d0] = 2624
 relocation     [0x000002515d929af0,0x000002515d929b98] = 168
 main code      [0x000002515d929ba0,0x000002515d92a170] = 1488
 stub code      [0x000002515d92a170,0x000002515d92a1e0] = 112
 metadata       [0x000002515d92a1e0,0x000002515d92a210] = 48
 scopes data    [0x000002515d92a210,0x000002515d92a2c0] = 176
 scopes pcs     [0x000002515d92a2c0,0x000002515d92a3a0] = 224
 dependencies   [0x000002515d92a3a0,0x000002515d92a3b0] = 16
 nul chk table  [0x000002515d92a3b0,0x000002515d92a3d0] = 32

[Constant Pool (empty)]

[MachCode]
[Verified Entry Point]
  # {method} {0x00000251000ae518} 'invokeExact_MT' '(Ljava/lang/Object;Ljava/lang/Object;Ljava/lang/Object;Ljava/lang/Object;)Ljava/lang/Object;' in 'java/lang/invoke/Invokers$Holder'
  # parm0:    rdx:rdx   = 'java/lang/Object'
  # parm1:    r8:r8     = 'java/lang/Object'
  # parm2:    r9:r9     = 'java/lang/Object'
  # parm3:    rdi:rdi   = 'java/lang/Object'
  #           [sp+0x80]  (sp of caller)
  0x000002515d929ba0: 8984 2400 | 80ff ff55 | 4883 ec70 | 4181 7f20 | 0400 0000 

  0x000002515d929bb4: ;   {runtime_call StubRoutines (final stubs)}
  0x000002515d929bb4: 7405 e825 | eed9 064c | 8944 2458 | 4c89 4c24 

  0x000002515d929bc4: ;   {metadata(method data for {method} {0x00000251000ae518} 'invokeExact_MT' '(Ljava/lang/Object;Ljava/lang/Object;Ljava/lang/Object;Ljava/lang/Object;)Ljava/lang/Object;' in 'java/lang/invoke/Invokers$Holder')}
  0x000002515d929bc4: 4848 be78 | a735 7351 | 0200 0048 | 8db6 b802 | 0000 4885 | d275 0af6 | 0601 7505 | f048 830e 
  0x000002515d929be4: ;   {metadata(method data for {method} {0x00000251000ae518} 'invokeExact_MT' '(Ljava/lang/Object;Ljava/lang/Object;Ljava/lang/Object;Ljava/lang/Object;)Ljava/lang/Object;' in 'java/lang/invoke/Invokers$Holder')}
  0x000002515d929be4: 0148 be78 | a735 7351 | 0200 008b | 9ecc 0000 | 0083 c302 | 899e cc00 | 0000 81e3 | fe07 0000 
  0x000002515d929c04: 85db 0f84 | 8004 0000 | 4885 d275 

  0x000002515d929c10: ;   {metadata(method data for {method} {0x00000251000ae518} 'invokeExact_MT' '(Ljava/lang/Object;Ljava/lang/Object;Ljava/lang/Object;Ljava/lang/Object;)Ljava/lang/Object;' in 'java/lang/invoke/Invokers$Holder')}
  0x000002515d929c10: 1648 bb78 | a735 7351 | 0200 0080 | 8b09 0100 | 0001 e9cd 

  0x000002515d929c24: ;   {metadata('java/lang/invoke/MethodHandle')}
  0x000002515d929c24: 0000 0048 | b808 e405 | 0051 0200 | 008b 5a08 | 49ba 0000 | 0000 5102 | 0000 4903 | da48 3b43 
  0x000002515d929c44: 380f 858d 

  0x000002515d929c48: ;   {metadata(method data for {method} {0x00000251000ae518} 'invokeExact_MT' '(Ljava/lang/Object;Ljava/lang/Object;Ljava/lang/Object;Ljava/lang/Object;)Ljava/lang/Object;' in 'java/lang/invoke/Invokers$Holder')}
  0x000002515d929c48: 0000 0048 | bb78 a735 | 7351 0200 | 008b 4208 | 49ba 0000 | 0000 5102 | 0000 4903 | c248 3b83 
  0x000002515d929c68: 2001 0000 | 750d 4883 | 8328 0100 | 0001 e979 | 0000 0048 | 3b83 3001 | 0000 750d | 4883 8338 
  0x000002515d929c88: 0100 0001 | e963 0000 | 0048 83bb | 2001 0000 | 0075 1748 | 8983 2001 | 0000 48c7 | 8328 0100 
  0x000002515d929ca8: 0001 0000 | 00e9 4200 | 0000 4883 | bb30 0100 | 0000 7517 | 4889 8330 | 0100 0048 | c783 3801 
  0x000002515d929cc8: 0000 0100 | 0000 e921 | 0000 00e9 | 1c00 0000 

  0x000002515d929cd8: ;   {metadata(method data for {method} {0x00000251000ae518} 'invokeExact_MT' '(Ljava/lang/Object;Ljava/lang/Object;Ljava/lang/Object;Ljava/lang/Object;)Ljava/lang/Object;' in 'java/lang/invoke/Invokers$Holder')}
  0x000002515d929cd8: 48bb 78a7 | 3573 5102 | 0000 4883 | ab10 0100 | 0001 e9be | 0300 00e9 | 0000 0000 | 488b f248 
  0x000002515d929cf8: 8974 2450 | 4885 ff75 

  0x000002515d929d00: ;   {metadata(method data for {method} {0x00000251000ae518} 'invokeExact_MT' '(Ljava/lang/Object;Ljava/lang/Object;Ljava/lang/Object;Ljava/lang/Object;)Ljava/lang/Object;' in 'java/lang/invoke/Invokers$Holder')}
  0x000002515d929d00: 1648 bb78 | a735 7351 | 0200 0080 | 8b41 0100 | 0001 e9cc 

  0x000002515d929d14: ;   {metadata('java/lang/invoke/MethodType')}
  0x000002515d929d14: 0000 0048 | b810 d605 | 0051 0200 | 008b 5708 | 49ba 0000 | 0000 5102 | 0000 4903 | d248 3bc2 
  0x000002515d929d34: 0f85 8d00 

  0x000002515d929d38: ;   {metadata(method data for {method} {0x00000251000ae518} 'invokeExact_MT' '(Ljava/lang/Object;Ljava/lang/Object;Ljava/lang/Object;Ljava/lang/Object;)Ljava/lang/Object;' in 'java/lang/invoke/Invokers$Holder')}
  0x000002515d929d38: 0000 48bb | 78a7 3573 | 5102 0000 | 8b47 0849 | ba00 0000 | 0051 0200 | 0049 03c2 | 483b 8358 
  0x000002515d929d58: 0100 0075 | 0d48 8383 | 6001 0000 | 01e9 7900 | 0000 483b | 8368 0100 | 0075 0d48 | 8383 7001 
  0x000002515d929d78: 0000 01e9 | 6300 0000 | 4883 bb58 | 0100 0000 | 7517 4889 | 8358 0100 | 0048 c783 | 6001 0000 
  0x000002515d929d98: 0100 0000 | e942 0000 | 0048 83bb | 6801 0000 | 0075 1748 | 8983 6801 | 0000 48c7 | 8370 0100 
  0x000002515d929db8: 0001 0000 | 00e9 2100 | 0000 e91c 

  0x000002515d929dc4: ;   {metadata(method data for {method} {0x00000251000ae518} 'invokeExact_MT' '(Ljava/lang/Object;Ljava/lang/Object;Ljava/lang/Object;Ljava/lang/Object;)Ljava/lang/Object;' in 'java/lang/invoke/Invokers$Holder')}
  0x000002515d929dc4: 0000 0048 | bb78 a735 | 7351 0200 | 0048 83ab | 4801 0000 | 01e9 d802 | 0000 e900 

  0x000002515d929de0: ;   {metadata(method data for {method} {0x00000251000ae518} 'invokeExact_MT' '(Ljava/lang/Object;Ljava/lang/Object;Ljava/lang/Object;Ljava/lang/Object;)Ljava/lang/Object;' in 'java/lang/invoke/Invokers$Holder')}
  0x000002515d929de0: 0000 0048 | ba78 a735 | 7351 0200 | 0048 8d92 | 9001 0000 | 4885 f675 | 0cf6 4208 | 0175 06f0 
  0x000002515d929e00: 4883 4a08 | 0148 85ff | 750c f642 | 1801 7506 | f048 834a 

  0x000002515d929e14: ;   {metadata(method data for {method} {0x00000251000ae518} 'invokeExact_MT' '(Ljava/lang/Object;Ljava/lang/Object;Ljava/lang/Object;Ljava/lang/Object;)Ljava/lang/Object;' in 'java/lang/invoke/Invokers$Holder')}
  0x000002515d929e14: 1801 48ba | 78a7 3573 | 5102 0000 | 4883 8280 | 0100 0001 

  0x000002515d929e28: ;   {metadata(method data for {method} {0x00000251003dc408} 'checkExactType' '(Ljava/lang/invoke/MethodHandle;Ljava/lang/invoke/MethodType;)V' in 'java/lang/invoke/Invokers')}
  0x000002515d929e28: 48ba d89b | 2e73 5102 | 0000 8b9a | cc00 0000 | 83c3 0289 | 9acc 0000 | 0081 e3fe | ff1f 0085 
  0x000002515d929e48: db0f 8470 | 0200 0048 | 3b06 488b 

  0x000002515d929e54: ;   {metadata(method data for {method} {0x00000251003dc408} 'checkExactType' '(Ljava/lang/invoke/MethodHandle;Ljava/lang/invoke/MethodType;)V' in 'java/lang/invoke/Invokers')}
  0x000002515d929e54: d648 bbd8 | 9b2e 7351 | 0200 008b | 5208 49ba | 0000 0000 | 5102 0000 | 4903 d248 | 3b93 2001 
  0x000002515d929e74: 0000 750d | 4883 8328 | 0100 0001 | e960 0000 | 0048 3b93 | 3001 0000 | 750d 4883 | 8338 0100 
  0x000002515d929e94: 0001 e94a | 0000 0048 | 83bb 2001 | 0000 0075 | 1748 8993 | 2001 0000 | 48c7 8328 | 0100 0001 
  0x000002515d929eb4: 0000 00e9 | 2900 0000 | 4883 bb30 | 0100 0000 | 7517 4889 | 9330 0100 | 0048 c783 | 3801 0000 
  0x000002515d929ed4: 0100 0000 | e908 0000 | 0048 8383 | 1001 0000 | 018b 5e10 

  0x000002515d929ee8: ;   {metadata(method data for {method} {0x00000251003dc408} 'checkExactType' '(Ljava/lang/invoke/MethodHandle;Ljava/lang/invoke/MethodType;)V' in 'java/lang/invoke/Invokers')}
  0x000002515d929ee8: 483b df48 | bad8 9b2e | 7351 0200 | 0048 c7c0 | 5801 0000 | 7507 48c7 | c048 0100 | 0048 8b0c 
  0x000002515d929f08: 0248 8d49 | 0148 890c | 020f 8548 

  0x000002515d929f14: ;   {metadata(method data for {method} {0x00000251000ae518} 'invokeExact_MT' '(Ljava/lang/Object;Ljava/lang/Object;Ljava/lang/Object;Ljava/lang/Object;)Ljava/lang/Object;' in 'java/lang/invoke/Invokers$Holder')}
  0x000002515d929f14: 0100 0048 | ba78 a735 | 7351 0200 | 0048 8382 | b801 0000 

  0x000002515d929f28: ;   {metadata(method data for {method} {0x00000251003dc300} 'checkCustomized' '(Ljava/lang/invoke/MethodHandle;)V' in 'java/lang/invoke/Invokers')}
  0x000002515d929f28: 0148 ba28 | a02e 7351 | 0200 008b | bacc 0000 | 0083 c702 | 89ba cc00 | 0000 81e7 | feff 1f00 
  0x000002515d929f48: 85ff 0f84 | 9501 0000 

  0x000002515d929f50: ;   {metadata(method data for {method} {0x00000251003dc300} 'checkCustomized' '(Ljava/lang/invoke/MethodHandle;)V' in 'java/lang/invoke/Invokers')}
  0x000002515d929f50: 48ba 28a0 | 2e73 5102 | 0000 4883 | 8210 0100 

  0x000002515d929f60: ;   {metadata(method data for {method} {0x00000251000944d8} 'isCompileConstant' '(Ljava/lang/Object;)Z' in 'java/lang/invoke/MethodHandleImpl')}
  0x000002515d929f60: 0001 48ba | d8a1 2e73 | 5102 0000 | 8bba cc00 | 0000 83c7 | 0289 bacc | 0000 0081 | e7fe ff1f 
  0x000002515d929f80: 0085 ff0f | 847d 0100 

  0x000002515d929f88: ;   {metadata(method data for {method} {0x00000251003dc300} 'checkCustomized' '(Ljava/lang/invoke/MethodHandle;)V' in 'java/lang/invoke/Invokers')}
  0x000002515d929f88: 0048 ba28 | a02e 7351 | 0200 00ff | 8220 0100 | 008b 5614 

  0x000002515d929f9c: ; implicit exception: dispatches to 0x000002515d92a127
  0x000002515d929f9c: 8b52 1c48 

  0x000002515d929fa0: ;   {metadata(method data for {method} {0x00000251003dc300} 'checkCustomized' '(Ljava/lang/invoke/MethodHandle;)V' in 'java/lang/invoke/Invokers')}
  0x000002515d929fa0: 85d2 48ba | 28a0 2e73 | 5102 0000 | 48c7 c740 | 0100 0075 | 0748 c7c7 | 5001 0000 | 488b 1c3a 
  0x000002515d929fc0: 488d 5b01 | 4889 1c3a | 0f85 2600 

  0x000002515d929fcc: ;   {metadata(method data for {method} {0x00000251003dc300} 'checkCustomized' '(Ljava/lang/invoke/MethodHandle;)V' in 'java/lang/invoke/Invokers')}
  0x000002515d929fcc: 0000 48ba | 28a0 2e73 | 5102 0000 | 4883 8260 | 0100 0001 | 488b d60f 

  0x000002515d929fe4: ;   {static_call}
  0x000002515d929fe4: 1f40 00e8 

  0x000002515d929fe8: ; ImmutableOopMap {[72]=Oop [80]=Oop [88]=Oop }
                      ;*invokestatic maybeCustomize {reexecute=0 rethrow=0 return_oop=0}
                      ; - java.lang.invoke.Invokers::checkCustomized@19
                      ; - java.lang.invoke.Invokers$Holder::invokeExact_MT@14
  0x000002515d929fe8: b4d9 5c07 

  0x000002515d929fec: ;   {other}
  0x000002515d929fec: 0f1f 8400 | 5c06 0000 | 4c8b 4c24 

  0x000002515d929ff8: ;   {metadata(method data for {method} {0x00000251000ae518} 'invokeExact_MT' '(Ljava/lang/Object;Ljava/lang/Object;Ljava/lang/Object;Ljava/lang/Object;)Ljava/lang/Object;' in 'java/lang/invoke/Invokers$Holder')}
  0x000002515d929ff8: 4849 b878 | a735 7351 | 0200 004d | 8d80 1802 | 0000 4d85 | c975 0d41 | f640 1801 | 7506 f049 
  0x000002515d92a018: 8348 1801 | 488b 7424 

  0x000002515d92a020: ;   {metadata(method data for {method} {0x00000251000ae518} 'invokeExact_MT' '(Ljava/lang/Object;Ljava/lang/Object;Ljava/lang/Object;Ljava/lang/Object;)Ljava/lang/Object;' in 'java/lang/invoke/Invokers$Holder')}
  0x000002515d92a020: 5049 b878 | a735 7351 | 0200 0049 | 8380 e001 | 0000 014c | 8b44 2458 | 488b 5424 

  0x000002515d92a03c: ;   {optimized virtual_call}
  0x000002515d92a03c: 5066 90e8 

  0x000002515d92a040: ; ImmutableOopMap {}
                      ;*invokevirtual invokeBasic {reexecute=0 rethrow=0 return_oop=0}
                      ; - java.lang.invoke.Invokers$Holder::invokeExact_MT@20
  0x000002515d92a040: 3c8c 3107 

  0x000002515d92a044: ;   {other}
  0x000002515d92a044: 0f1f 8400 | b406 0001 | 4883 c470 

  0x000002515d92a050: ;   {poll_return}
  0x000002515d92a050: 5d49 3ba7 | 5004 0000 | 0f87 ce00 

  0x000002515d92a05c: ;   {metadata(method data for {method} {0x00000251003dc408} 'checkExactType' '(Ljava/lang/invoke/MethodHandle;Ljava/lang/invoke/MethodType;)V' in 'java/lang/invoke/Invokers')}
  0x000002515d92a05c: 0000 c348 | bad8 9b2e | 7351 0200 | 0048 8382 | 6801 0000 | 0148 8bd3 

  0x000002515d92a074: ;   {static_call}
  0x000002515d92a074: 4c8b c7e8 

  0x000002515d92a078: ; ImmutableOopMap {[72]=Oop [80]=Oop [88]=Oop }
                      ;*invokestatic newWrongMethodTypeException {reexecute=0 rethrow=0 return_oop=0}
                      ; - java.lang.invoke.Invokers::checkExactType@12
                      ; - java.lang.invoke.Invokers$Holder::invokeExact_MT@10
  0x000002515d92a078: 044d db06 

  0x000002515d92a07c: ;   {other}
  0x000002515d92a07c: 0f1f 8400 | ec06 0002 

  0x000002515d92a084: ; implicit exception: dispatches to 0x000002515d92a142
  0x000002515d92a084: 483b 00e9 | d800 0000 

  0x000002515d92a08c: ;   {metadata({method} {0x00000251000ae518} 'invokeExact_MT' '(Ljava/lang/Object;Ljava/lang/Object;Ljava/lang/Object;Ljava/lang/Object;)Ljava/lang/Object;' in 'java/lang/invoke/Invokers$Holder')}
  0x000002515d92a08c: 49ba 10e5 | 0a00 5102 | 0000 4c89 | 5424 0848 | c704 24ff 

  0x000002515d92a0a0: ;   {runtime_call counter_overflow Runtime1 stub}
  0x000002515d92a0a0: ffff ffe8 

  0x000002515d92a0a4: ; ImmutableOopMap {rdx=Oop r8=Oop r9=Oop rdi=Oop [72]=Oop [88]=Oop }
                      ;*synchronization entry
                      ; - java.lang.invoke.Invokers$Holder::invokeExact_MT@-1
  0x000002515d92a0a4: d8d3 e606 | e95f fbff | ff48 8914 

  0x000002515d92a0b0: ;   {runtime_call throw_class_cast_exception Runtime1 stub}
  0x000002515d92a0b0: 24e8 4a6a 

  0x000002515d92a0b4: ; ImmutableOopMap {r8=Oop r9=Oop rdi=Oop [72]=Oop [88]=Oop }
                      ;*checkcast {reexecute=0 rethrow=0 return_oop=0}
                      ; - java.lang.invoke.Invokers$Holder::invokeExact_MT@1
  0x000002515d92a0b4: dd06 4889 

  0x000002515d92a0b8: ;   {runtime_call throw_class_cast_exception Runtime1 stub}
  0x000002515d92a0b8: 3c24 e841 

  0x000002515d92a0bc: ; ImmutableOopMap {r8=Oop r9=Oop rsi=Oop [72]=Oop [80]=Oop [88]=Oop }
                      ;*checkcast {reexecute=0 rethrow=0 return_oop=0}
                      ; - java.lang.invoke.Invokers$Holder::invokeExact_MT@7
                      ;   {metadata({method} {0x00000251003dc408} 'checkExactType' '(Ljava/lang/invoke/MethodHandle;Ljava/lang/invoke/MethodType;)V' in 'java/lang/invoke/Invokers')}
  0x000002515d92a0bc: 6add 0649 | ba00 c43d | 0051 0200 | 004c 8954 | 2408 48c7 | 0424 ffff 

  0x000002515d92a0d4: ;   {runtime_call counter_overflow Runtime1 stub}
  0x000002515d92a0d4: ffff e8a5 

  0x000002515d92a0d8: ; ImmutableOopMap {r8=Oop r9=Oop rsi=Oop rdi=Oop [72]=Oop [80]=Oop [88]=Oop }
                      ;*synchronization entry
                      ; - java.lang.invoke.Invokers::checkExactType@-1
                      ; - java.lang.invoke.Invokers$Holder::invokeExact_MT@10
  0x000002515d92a0d8: d3e6 06e9 | 6ffd ffff 

  0x000002515d92a0e0: ;   {runtime_call throw_null_pointer_exception Runtime1 stub}
  0x000002515d92a0e0: e81b 7fdd 

  0x000002515d92a0e4: ; ImmutableOopMap {r8=Oop r9=Oop rsi=Oop rdi=Oop [72]=Oop [80]=Oop [88]=Oop }
                      ;*invokevirtual type {reexecute=0 rethrow=0 return_oop=0}
                      ; - java.lang.invoke.Invokers::checkExactType@1
                      ; - java.lang.invoke.Invokers$Holder::invokeExact_MT@10
                      ;   {metadata({method} {0x00000251003dc300} 'checkCustomized' '(Ljava/lang/invoke/MethodHandle;)V' in 'java/lang/invoke/Invokers')}
  0x000002515d92a0e4: 0649 baf8 | c23d 0051 | 0200 004c | 8954 2408 | 48c7 0424 | ffff ffff 

  0x000002515d92a0fc: ;   {runtime_call counter_overflow Runtime1 stub}
  0x000002515d92a0fc: e87f d3e6 

  0x000002515d92a100: ; ImmutableOopMap {r8=Oop r9=Oop rsi=Oop [72]=Oop [80]=Oop [88]=Oop }
                      ;*synchronization entry
                      ; - java.lang.invoke.Invokers::checkCustomized@-1
                      ; - java.lang.invoke.Invokers$Holder::invokeExact_MT@14
  0x000002515d92a100: 06e9 4afe 

  0x000002515d92a104: ;   {metadata({method} {0x00000251000944d8} 'isCompileConstant' '(Ljava/lang/Object;)Z' in 'java/lang/invoke/MethodHandleImpl')}
  0x000002515d92a104: ffff 49ba | d044 0900 | 5102 0000 | 4c89 5424 | 0848 c704 | 24ff ffff 

  0x000002515d92a11c: ;   {runtime_call counter_overflow Runtime1 stub}
  0x000002515d92a11c: ffe8 5ed3 

  0x000002515d92a120: ; ImmutableOopMap {r8=Oop r9=Oop rsi=Oop [72]=Oop [80]=Oop [88]=Oop }
                      ;*synchronization entry
                      ; - java.lang.invoke.MethodHandleImpl::isCompileConstant@-1
                      ; - java.lang.invoke.Invokers::checkCustomized@1
                      ; - java.lang.invoke.Invokers$Holder::invokeExact_MT@14
  0x000002515d92a120: e606 e962 

  0x000002515d92a124: ;   {runtime_call throw_null_pointer_exception Runtime1 stub}
  0x000002515d92a124: feff ffe8 

  0x000002515d92a128: ; ImmutableOopMap {r8=Oop r9=Oop rsi=Oop [72]=Oop [80]=Oop [88]=Oop }
                      ;*getfield customized {reexecute=1 rethrow=0 return_oop=0}
                      ; - (reexecute) java.lang.invoke.Invokers::checkCustomized@12
                      ; - java.lang.invoke.Invokers$Holder::invokeExact_MT@14
  0x000002515d92a128: d47e dd06 

  0x000002515d92a12c: ;   {internal_word}
  0x000002515d92a12c: 49ba 51a0 | 925d 5102 | 0000 4d89 | 9768 0400 

  0x000002515d92a13c: ;   {runtime_call SafepointBlob}
  0x000002515d92a13c: 00e9 bea9 

  0x000002515d92a140: ;   {runtime_call throw_null_pointer_exception Runtime1 stub}
  0x000002515d92a140: db06 e8b9 

  0x000002515d92a144: ; ImmutableOopMap {rax=Oop [72]=Oop [80]=Oop [88]=Oop }
                      ;*athrow {reexecute=1 rethrow=0 return_oop=0}
                      ; - (reexecute) java.lang.invoke.Invokers::checkExactType@15
                      ; - java.lang.invoke.Invokers$Holder::invokeExact_MT@10
  0x000002515d92a144: 7edd 0649 | 8b87 0005 | 0000 49c7 | 8700 0500 | 0000 0000 | 0049 c787 | 0805 0000 | 0000 0000 
  0x000002515d92a164: 4883 c470 

  0x000002515d92a168: ;   {runtime_call unwind_exception Runtime1 stub}
  0x000002515d92a168: 5de9 928d | dd06 f4f4 
[Stub Code]
  0x000002515d92a170: ;   {no_reloc}
  0x000002515d92a170: 48bb 0000 | 0000 0000 

  0x000002515d92a178: ;   {runtime_call nmethod}
  0x000002515d92a178: 0000 e9fb 

  0x000002515d92a17c: ;   {static_stub}
  0x000002515d92a17c: ffff ff48 | bb00 0000 | 0000 0000 

  0x000002515d92a188: ;   {runtime_call nmethod}
  0x000002515d92a188: 00e9 fbff 

  0x000002515d92a18c: ;   {static_stub}
  0x000002515d92a18c: ffff 48bb | 0000 0000 | 0000 0000 

  0x000002515d92a198: ;   {runtime_call nmethod}
  0x000002515d92a198: e9fb ffff 

  0x000002515d92a19c: ;   {runtime_call handle_exception_from_callee Runtime1 stub}
  0x000002515d92a19c: ffe8 5e6f 

  0x000002515d92a1a0: ;   {external_word}
  0x000002515d92a1a0: dd06 48b9 | 5063 1b17 | fd7f 0000 | 4883 e4f0 

  0x000002515d92a1b0: ;   {runtime_call}
  0x000002515d92a1b0: 48b8 c0c9 | dd16 fd7f | 0000 ffd0 

  0x000002515d92a1bc: ;   {section_word}
  0x000002515d92a1bc: f449 babd | a192 5d51 | 0200 0041 

  0x000002515d92a1c8: ;   {runtime_call DeoptimizationBlob}
  0x000002515d92a1c8: 52e9 d29b 

  0x000002515d92a1cc: ;   {section_word}
  0x000002515d92a1cc: db06 49ba | cea1 925d | 5102 0000 

  0x000002515d92a1d8: ;   {runtime_call DeoptimizationBlob}
  0x000002515d92a1d8: 4152 e9c1 | 9bdb 06f4 
[/MachCode]


Compiled method (c1) 38529 1533   !   3       jdk.internal.reflect.DirectMethodHandleAccessor::invoke (92 bytes)
 total in heap  [0x000002515d3fb810,0x000002515d3ff1e0] = 14800
 relocation     [0x000002515d3fb970,0x000002515d3fbc70] = 768
 main code      [0x000002515d3fbc80,0x000002515d3fdee8] = 8808
 stub code      [0x000002515d3fdee8,0x000002515d3fe008] = 288
 oops           [0x000002515d3fe008,0x000002515d3fe028] = 32
 metadata       [0x000002515d3fe028,0x000002515d3fe0a0] = 120
 scopes data    [0x000002515d3fe0a0,0x000002515d3fe4c8] = 1064
 scopes pcs     [0x000002515d3fe4c8,0x000002515d3fe9c8] = 1280
 dependencies   [0x000002515d3fe9c8,0x000002515d3fe9f0] = 40
 handler table  [0x000002515d3fe9f0,0x000002515d3ff140] = 1872
 nul chk table  [0x000002515d3ff140,0x000002515d3ff1e0] = 160

[Constant Pool (empty)]

[MachCode]
[Entry Point]
  # {method} {0x000002510019cf00} 'invoke' '(Ljava/lang/Object;[Ljava/lang/Object;)Ljava/lang/Object;' in 'jdk/internal/reflect/DirectMethodHandleAccessor'
  # this:     rdx:rdx   = 'jdk/internal/reflect/DirectMethodHandleAccessor'
  # parm0:    r8:r8     = 'java/lang/Object'
  # parm1:    r9:r9     = '[Ljava/lang/Object;'
  #           [sp+0x140]  (sp of caller)
  0x000002515d3fbc80: 448b 5208 | 49bb 0000 | 0000 5102 | 0000 4d03 | d34c 3bd0 

  0x000002515d3fbc94: ;   {runtime_call ic_miss_stub}
  0x000002515d3fbc94: 0f85 e627 | 2e07 660f | 1f44 0000 
[Verified Entry Point]
  0x000002515d3fbca0: 8984 2400 | 80ff ff55 | 4881 ec30 | 0100 0090 | 4181 7f20 | 0400 0000 

  0x000002515d3fbcb8: ;   {runtime_call StubRoutines (final stubs)}
  0x000002515d3fbcb8: 7405 e821 | cd2c 0748 | 8994 24a8 | 0000 004c | 8984 24b8 | 0000 004c | 898c 24b0 

  0x000002515d3fbcd4: ;   {metadata(method data for {method} {0x000002510019cf00} 'invoke' '(Ljava/lang/Object;[Ljava/lang/Object;)Ljava/lang/Object;' in 'jdk/internal/reflect/DirectMethodHandleAccessor')}
  0x000002515d3fbcd4: 0000 0048 | bec8 5b39 | 7351 0200 | 008b becc | 0000 0083 | c702 89be | cc00 0000 | 81e7 fe07 
  0x000002515d3fbcf4: 0000 85ff | 0f84 631d | 0000 488b 

  0x000002515d3fbd00: ;   {metadata(method data for {method} {0x000002510019cf00} 'invoke' '(Ljava/lang/Object;[Ljava/lang/Object;)Ljava/lang/Object;' in 'jdk/internal/reflect/DirectMethodHandleAccessor')}
  0x000002515d3fbd00: f248 bfc8 | 5b39 7351 | 0200 0048 | 8387 1001 

  0x000002515d3fbd10: ;   {metadata(method data for {method} {0x00000251003c8780} 'isStatic' '()Z' in 'jdk/internal/reflect/DirectMethodHandleAccessor')}
  0x000002515d3fbd10: 0000 0148 | be70 5739 | 7351 0200 | 008b becc | 0000 0083 | c702 89be | cc00 0000 | 81e7 feff 
  0x000002515d3fbd30: 1f00 85ff | 0f84 481d | 0000 8b72 | 1081 e600 | 0200 0081 | fe00 0200 

  0x000002515d3fbd48: ;   {metadata(method data for {method} {0x00000251003c8780} 'isStatic' '()Z' in 'jdk/internal/reflect/DirectMethodHandleAccessor')}
  0x000002515d3fbd48: 0048 be70 | 5739 7351 | 0200 0048 | c7c7 1001 | 0000 7507 | 48c7 c720 | 0100 0048 | 8b1c 3e48 
  0x000002515d3fbd68: 8d5b 0148 | 891c 3e0f | 851a 0000 

  0x000002515d3fbd74: ;   {metadata(method data for {method} {0x00000251003c8780} 'isStatic' '()Z' in 'jdk/internal/reflect/DirectMethodHandleAccessor')}
  0x000002515d3fbd74: 0048 be70 | 5739 7351 | 0200 00ff | 8630 0100 | 00be 0100 | 0000 e905 | 0000 00be | 0000 0000 
  0x000002515d3fbd94: 83e6 0185 

  0x000002515d3fbd98: ;   {metadata(method data for {method} {0x000002510019cf00} 'invoke' '(Ljava/lang/Object;[Ljava/lang/Object;)Ljava/lang/Object;' in 'jdk/internal/reflect/DirectMethodHandleAccessor')}
  0x000002515d3fbd98: f648 bec8 | 5b39 7351 | 0200 0048 | c7c7 4801 | 0000 7507 | 48c7 c758 | 0100 0048 | 8b1c 3e48 
  0x000002515d3fbdb8: 8d5b 0148 | 891c 3e0f | 85d5 0000 | 0048 8bf2 

  0x000002515d3fbdc8: ;   {metadata(method data for {method} {0x000002510019cf00} 'invoke' '(Ljava/lang/Object;[Ljava/lang/Object;)Ljava/lang/Object;' in 'jdk/internal/reflect/DirectMethodHandleAccessor')}
  0x000002515d3fbdc8: 48bf c85b | 3973 5102 | 0000 4883 | 8768 0100 

  0x000002515d3fbdd8: ;   {metadata(method data for {method} {0x00000251003c86d0} 'checkReceiver' '(Ljava/lang/Object;)V' in 'jdk/internal/reflect/DirectMethodHandleAccessor')}
  0x000002515d3fbdd8: 0001 48be | 1863 3973 | 5102 0000 | 8bbe cc00 | 0000 83c7 | 0289 becc | 0000 0081 | e7fe ff1f 
  0x000002515d3fbdf8: 0085 ff0f | 84a2 1c00 | 008b 7214 

  0x000002515d3fbe04: ; implicit exception: dispatches to 0x000002515d3fdac4
  0x000002515d3fbe04: 493b 0049 

  0x000002515d3fbe08: ;   {metadata(method data for {method} {0x00000251003c86d0} 'checkReceiver' '(Ljava/lang/Object;)V' in 'jdk/internal/reflect/DirectMethodHandleAccessor')}
  0x000002515d3fbe08: 8bf8 48bb | 1863 3973 | 5102 0000 | 4883 8310 | 0100 0001 | 418b 7808 | 49ba 0000 | 0000 5102 
  0x000002515d3fbe28: 0000 4903 | fa48 8b7f | 7048 8b3f 

  0x000002515d3fbe34: ; implicit exception: dispatches to 0x000002515d3fdac9
  0x000002515d3fbe34: 483b 0648 

  0x000002515d3fbe38: ;   {metadata(method data for {method} {0x00000251003c86d0} 'checkReceiver' '(Ljava/lang/Object;)V' in 'jdk/internal/reflect/DirectMethodHandleAccessor')}
  0x000002515d3fbe38: 8bde 48b8 | 1863 3973 | 5102 0000 | 4883 8048 | 0100 0001 | 4c8b c748 | 8bd6 0f1f 

  0x000002515d3fbe54: ;   {optimized virtual_call}
  0x000002515d3fbe54: 4400 00e8 

  0x000002515d3fbe58: ; ImmutableOopMap {[168]=Oop [176]=Oop [184]=Oop }
                      ;*invokevirtual isAssignableFrom {reexecute=0 rethrow=0 return_oop=0}
                      ; - jdk.internal.reflect.DirectMethodHandleAccessor::checkReceiver@8
                      ; - jdk.internal.reflect.DirectMethodHandleAccessor::invoke@9
  0x000002515d3fbe58: 6483 8407 

  0x000002515d3fbe5c: ;   {other}
  0x000002515d3fbe5c: 0f1f 8400 | 4c06 0000 

  0x000002515d3fbe64: ;   {metadata(method data for {method} {0x00000251003c86d0} 'checkReceiver' '(Ljava/lang/Object;)V' in 'jdk/internal/reflect/DirectMethodHandleAccessor')}
  0x000002515d3fbe64: 85c0 48ba | 1863 3973 | 5102 0000 | 49c7 c090 | 0100 0074 | 0749 c7c0 | 8001 0000 | 4a8b 3402 
  0x000002515d3fbe84: 488d 7601 | 4a89 3402 | 0f84 771a | 0000 488b | 9424 a800 | 0000 448b 

  0x000002515d3fbe9c: ;   {metadata(method data for {method} {0x000002510019cf00} 'invoke' '(Ljava/lang/Object;[Ljava/lang/Object;)Ljava/lang/Object;' in 'jdk/internal/reflect/DirectMethodHandleAccessor')}
  0x000002515d3fbe9c: 420c 48be | c85b 3973 | 5102 0000 | 4883 86a0 | 0100 0001 | 498b d04c | 8b84 24b0 | 0000 000f 
  0x000002515d3fbebc: ;   {static_call}
  0x000002515d3fbebc: 1f40 00e8 

  0x000002515d3fbec0: ; ImmutableOopMap {[168]=Oop [176]=Oop [184]=Oop }
                      ;*invokestatic checkArgumentCount {reexecute=0 rethrow=0 return_oop=0}
                      ; - jdk.internal.reflect.DirectMethodHandleAccessor::invoke@17
  0x000002515d3fbec0: 3cdc ffff 

  0x000002515d3fbec4: ;   {other}
  0x000002515d3fbec4: 0f1f 8400 | b406 0001 | 488b 9424 | a800 0000 

  0x000002515d3fbed4: ;   {metadata(method data for {method} {0x000002510019cf00} 'invoke' '(Ljava/lang/Object;[Ljava/lang/Object;)Ljava/lang/Object;' in 'jdk/internal/reflect/DirectMethodHandleAccessor')}
  0x000002515d3fbed4: 488b f248 | bfc8 5b39 | 7351 0200 | 0048 8387 | b001 0000 

  0x000002515d3fbee8: ;   {metadata(method data for {method} {0x00000251003c8518} 'invokeImpl' '(Ljava/lang/Object;[Ljava/lang/Object;)Ljava/lang/Object;' in 'jdk/internal/reflect/DirectMethodHandleAccessor')}
  0x000002515d3fbee8: 0148 be00 | 5f39 7351 | 0200 008b | becc 0000 | 0083 c702 | 89be cc00 | 0000 81e7 | feff 1f00 
  0x000002515d3fbf08: 85ff 0f84 | be1b 0000 

  0x000002515d3fbf10: ;   {metadata(method data for {method} {0x00000251003c8518} 'invokeImpl' '(Ljava/lang/Object;[Ljava/lang/Object;)Ljava/lang/Object;' in 'jdk/internal/reflect/DirectMethodHandleAccessor')}
  0x000002515d3fbf10: 8b72 0c48 | bf00 5f39 | 7351 0200 | 0048 c7c3 | 1801 0000 | 85f6 488b | c348 c7c3 | 2801 0000 
  0x000002515d3fbf30: 480f 45d8 | 83fe 0148 | 8bc3 48c7 | c338 0100 | 0048 0f45 | d883 fe02 | 488b c348 | c7c3 4801 
  0x000002515d3fbf50: 0000 480f | 45d8 83fe | 0348 8bc3 | 48c7 c358 | 0100 0048 | 0f45 d848 | 8b04 1f49 | c7c2 0100 
  0x000002515d3fbf70: 0000 4903 | c248 8904 | 1f85 f60f | 8479 1100 | 0083 fe01 | 0f84 3d0f | 0000 83fe | 020f 84a7 
  0x000002515d3fbf90: 0800 0083 | fe03 0f84 | 3a06 0000 | 4c8b 8424 | b800 0000 | 8b72 1848 | 89b4 24c0 

  0x000002515d3fbfac: ;   {metadata(method data for {method} {0x00000251003c8518} 'invokeImpl' '(Ljava/lang/Object;[Ljava/lang/Object;)Ljava/lang/Object;' in 'jdk/internal/reflect/DirectMethodHandleAccessor')}
  0x000002515d3fbfac: 0000 0048 | bf00 5f39 | 7351 0200 | 0048 8dbf | 9803 0000 | 4d85 c075 | 0ef6 4708 | 0175 53f0 
  0x000002515d3fbfcc: 4883 4f08 | 01eb 4b41 | 8b58 0849 | ba00 0000 | 0051 0200 | 0049 03da | 4c8b d348 | 335f 0848 
  0x000002515d3fbfec: f7c3 fcff | ffff 742a | f6c3 0275 | 2548 f747 | 08fe ffff | ff74 1749 | 8bda 4833 | 5f08 48f7 
  0x000002515d3fc00c: c3fc ffff | ff74 0b48 | 834f 0802 | eb04 4889 

  0x000002515d3fc01c: ;   {metadata(method data for {method} {0x00000251000ae518} 'invokeExact_MT' '(Ljava/lang/Object;Ljava/lang/Object;Ljava/lang/Object;Ljava/lang/Object;)Ljava/lang/Object;' in 'java/lang/invoke/Invokers$Holder')}
  0x000002515d3fc01c: 5f08 48bf | 78a7 3573 | 5102 0000 | 488d bfb8 | 0200 0048 | 85f6 750c | f607 0175 | 4cf0 4883 
  0x000002515d3fc03c: 0f01 eb45 | 8b5e 0849 | ba00 0000 | 0051 0200 | 0049 03da | 4c8b d348 | 331f 48f7 | c3fc ffff 
  0x000002515d3fc05c: ff74 26f6 | c302 7521 | 48f7 07fe | ffff ff74 | 1549 8bda | 4833 1f48 | f7c3 fcff | ffff 7409 
  0x000002515d3fc07c: 4883 0f02 | eb03 4889 | 1f4d 85c0 | 750e f647 | 1001 7553 | f048 834f | 1001 eb4b | 418b 5808 
  0x000002515d3fc09c: 49ba 0000 | 0000 5102 | 0000 4903 | da4c 8bd3 | 4833 5f10 | 48f7 c3fc | ffff ff74 | 2af6 c302 
  0x000002515d3fc0bc: 7525 48f7 | 4710 feff | ffff 7417 | 498b da48 | 335f 1048 | f7c3 fcff | ffff 740b | 4883 4f10 
  0x000002515d3fc0dc: 02eb 0448 

  0x000002515d3fc0e0: ;   {metadata(method data for {method} {0x00000251003c8518} 'invokeImpl' '(Ljava/lang/Object;[Ljava/lang/Object;)Ljava/lang/Object;' in 'jdk/internal/reflect/DirectMethodHandleAccessor')}
  0x000002515d3fc0e0: 895f 1048 | bf00 5f39 | 7351 0200 | 0048 8387 | 6003 0000 

  0x000002515d3fc0f4: ;   {metadata(method data for {method} {0x00000251000ae518} 'invokeExact_MT' '(Ljava/lang/Object;Ljava/lang/Object;Ljava/lang/Object;Ljava/lang/Object;)Ljava/lang/Object;' in 'java/lang/invoke/Invokers$Holder')}
  0x000002515d3fc0f4: 0148 bf78 | a735 7351 | 0200 008b | 9fcc 0000 | 0083 c302 | 899f cc00 | 0000 81e3 | feff 1f00 
  0x000002515d3fc114: 85db 0f84 | d319 0000 

  0x000002515d3fc11c: ;   {metadata(method data for {method} {0x00000251000ae518} 'invokeExact_MT' '(Ljava/lang/Object;Ljava/lang/Object;Ljava/lang/Object;Ljava/lang/Object;)Ljava/lang/Object;' in 'java/lang/invoke/Invokers$Holder')}
  0x000002515d3fc11c: 48bf 78a7 | 3573 5102 | 0000 488d | bf90 0100 | 0048 85f6 | 750e f647 | 0801 7552 | f048 834f 
  0x000002515d3fc13c: 0801 eb4a | 8b5e 0849 | ba00 0000 | 0051 0200 | 0049 03da | 4c8b d348 | 335f 0848 | f7c3 fcff 
  0x000002515d3fc15c: ffff 742a | f6c3 0275 | 2548 f747 | 08fe ffff | ff74 1749 | 8bda 4833 | 5f08 48f7 | c3fc ffff 
  0x000002515d3fc17c: ff74 0b48 | 834f 0802 | eb04 4889 

  0x000002515d3fc188: ;   {oop(a 'java/lang/invoke/MethodType'{0x00000000807742a0} = (Ljava/lang/Object;[Ljava/lang/Object;)Ljava/lang/Object;)}
  0x000002515d3fc188: 5f08 48bb | a042 7780 | 0000 0000 | 4885 db75 | 0cf6 4718 | 0175 06f0 | 4883 4f18 

  0x000002515d3fc1a4: ;   {metadata(method data for {method} {0x00000251000ae518} 'invokeExact_MT' '(Ljava/lang/Object;Ljava/lang/Object;Ljava/lang/Object;Ljava/lang/Object;)Ljava/lang/Object;' in 'java/lang/invoke/Invokers$Holder')}
  0x000002515d3fc1a4: 0148 bf78 | a735 7351 | 0200 0048 | 8387 8001 

  0x000002515d3fc1b4: ;   {metadata(method data for {method} {0x00000251003dc408} 'checkExactType' '(Ljava/lang/invoke/MethodHandle;Ljava/lang/invoke/MethodType;)V' in 'java/lang/invoke/Invokers')}
  0x000002515d3fc1b4: 0000 0148 | bfd8 9b2e | 7351 0200 | 008b 87cc | 0000 0083 | c002 8987 | cc00 0000 | 25fe ff1f 
  0x000002515d3fc1d4: 0085 c00f | 8433 1900 | 0048 3b06 

  0x000002515d3fc1e0: ;   {metadata(method data for {method} {0x00000251003dc408} 'checkExactType' '(Ljava/lang/invoke/MethodHandle;Ljava/lang/invoke/MethodType;)V' in 'java/lang/invoke/Invokers')}
  0x000002515d3fc1e0: 488b fe48 | b8d8 9b2e | 7351 0200 | 008b 7f08 | 49ba 0000 | 0000 5102 | 0000 4903 | fa48 3bb8 
  0x000002515d3fc200: 2001 0000 | 750d 4883 | 8028 0100 | 0001 e960 | 0000 0048 | 3bb8 3001 | 0000 750d | 4883 8038 
  0x000002515d3fc220: 0100 0001 | e94a 0000 | 0048 83b8 | 2001 0000 | 0075 1748 | 89b8 2001 | 0000 48c7 | 8028 0100 
  0x000002515d3fc240: 0001 0000 | 00e9 2900 | 0000 4883 | b830 0100 | 0000 7517 | 4889 b830 | 0100 0048 | c780 3801 
  0x000002515d3fc260: 0000 0100 | 0000 e908 | 0000 0048 | 8380 1001 | 0000 018b | 7e10 483b 

  0x000002515d3fc278: ;   {metadata(method data for {method} {0x00000251003dc408} 'checkExactType' '(Ljava/lang/invoke/MethodHandle;Ljava/lang/invoke/MethodType;)V' in 'java/lang/invoke/Invokers')}
  0x000002515d3fc278: fb48 bbd8 | 9b2e 7351 | 0200 0048 | c7c0 5801 | 0000 7507 | 48c7 c048 | 0100 0048 | 8b0c 0348 
  0x000002515d3fc298: 8d49 0148 | 890c 030f | 8522 1200 

  0x000002515d3fc2a4: ;   {metadata(method data for {method} {0x00000251000ae518} 'invokeExact_MT' '(Ljava/lang/Object;Ljava/lang/Object;Ljava/lang/Object;Ljava/lang/Object;)Ljava/lang/Object;' in 'java/lang/invoke/Invokers$Holder')}
  0x000002515d3fc2a4: 0048 bf78 | a735 7351 | 0200 0048 | 8dbf c801 | 0000 8b5e | 0849 ba00 | 0000 0051 | 0200 0049 
  0x000002515d3fc2c4: 03da 4c8b | d348 335f | 0848 f7c3 | fcff ffff | 742a f6c3 | 0275 2548 | f747 08fe | ffff ff74 
  0x000002515d3fc2e4: 1749 8bda | 4833 5f08 | 48f7 c3fc | ffff ff74 | 0b48 834f | 0802 eb04 | 4889 5f08 

  0x000002515d3fc300: ;   {metadata(method data for {method} {0x00000251000ae518} 'invokeExact_MT' '(Ljava/lang/Object;Ljava/lang/Object;Ljava/lang/Object;Ljava/lang/Object;)Ljava/lang/Object;' in 'java/lang/invoke/Invokers$Holder')}
  0x000002515d3fc300: 48bf 78a7 | 3573 5102 | 0000 4883 | 87b8 0100 

  0x000002515d3fc310: ;   {metadata(method data for {method} {0x00000251003dc300} 'checkCustomized' '(Ljava/lang/invoke/MethodHandle;)V' in 'java/lang/invoke/Invokers')}
  0x000002515d3fc310: 0001 48bf | 28a0 2e73 | 5102 0000 | 8b9f cc00 | 0000 83c3 | 0289 9fcc | 0000 0081 | e3fe ff1f 
  0x000002515d3fc330: 0085 db0f | 84fd 1700 

  0x000002515d3fc338: ;   {metadata(method data for {method} {0x00000251003dc300} 'checkCustomized' '(Ljava/lang/invoke/MethodHandle;)V' in 'java/lang/invoke/Invokers')}
  0x000002515d3fc338: 0048 bf28 | a02e 7351 | 0200 0048 | 8387 1001 

  0x000002515d3fc348: ;   {metadata(method data for {method} {0x00000251000944d8} 'isCompileConstant' '(Ljava/lang/Object;)Z' in 'java/lang/invoke/MethodHandleImpl')}
  0x000002515d3fc348: 0000 0148 | bfd8 a12e | 7351 0200 | 008b 9fcc | 0000 0083 | c302 899f | cc00 0000 | 81e3 feff 
  0x000002515d3fc368: 1f00 85db | 0f84 e517 

  0x000002515d3fc370: ;   {metadata(method data for {method} {0x00000251003dc300} 'checkCustomized' '(Ljava/lang/invoke/MethodHandle;)V' in 'java/lang/invoke/Invokers')}
  0x000002515d3fc370: 0000 48bf | 28a0 2e73 | 5102 0000 | ff87 2001 | 0000 8b7e | 148b 7f1c 

  0x000002515d3fc388: ;   {metadata(method data for {method} {0x00000251003dc300} 'checkCustomized' '(Ljava/lang/invoke/MethodHandle;)V' in 'java/lang/invoke/Invokers')}
  0x000002515d3fc388: 4885 ff48 | bf28 a02e | 7351 0200 | 0048 c7c3 | 4001 0000 | 7507 48c7 | c350 0100 | 0048 8b04 
  0x000002515d3fc3a8: 1f48 8d40 | 0148 8904 | 1f0f 8525 

  0x000002515d3fc3b4: ;   {metadata(method data for {method} {0x00000251003dc300} 'checkCustomized' '(Ljava/lang/invoke/MethodHandle;)V' in 'java/lang/invoke/Invokers')}
  0x000002515d3fc3b4: 0000 0048 | bf28 a02e | 7351 0200 | 0048 8387 | 6001 0000 | 0148 8bd6 

  0x000002515d3fc3cc: ;   {static_call}
  0x000002515d3fc3cc: 6666 90e8 

  0x000002515d3fc3d0: ; ImmutableOopMap {[168]=Oop [176]=Oop [184]=Oop [192]=Oop }
                      ;*invokestatic maybeCustomize {reexecute=0 rethrow=0 return_oop=0}
                      ; - java.lang.invoke.Invokers::checkCustomized@19
                      ; - java.lang.invoke.Invokers$Holder::invokeExact_MT@14
                      ; - jdk.internal.reflect.DirectMethodHandleAccessor::invokeImpl@104
                      ; - jdk.internal.reflect.DirectMethodHandleAccessor::invoke@23
  0x000002515d3fc3d0: ccb5 af07 

  0x000002515d3fc3d4: ;   {other}
  0x000002515d3fc3d4: 0f1f 8400 | c40b 0002 | 4c8b 8c24 | b000 0000 | 4c8b 8424 | b800 0000 

  0x000002515d3fc3ec: ;   {metadata(method data for {method} {0x00000251000ae518} 'invokeExact_MT' '(Ljava/lang/Object;Ljava/lang/Object;Ljava/lang/Object;Ljava/lang/Object;)Ljava/lang/Object;' in 'java/lang/invoke/Invokers$Holder')}
  0x000002515d3fc3ec: 48ba 78a7 | 3573 5102 | 0000 488d | 9218 0200 | 004d 85c0 | 750e f642 | 0801 7554 | f048 834a 
  0x000002515d3fc40c: 0801 eb4c | 418b 7008 | 49ba 0000 | 0000 5102 | 0000 4903 | f24c 8bd6 | 4833 7208 | 48f7 c6fc 
  0x000002515d3fc42c: ffff ff74 | 2b40 f6c6 | 0275 2548 | f742 08fe | ffff ff74 | 1749 8bf2 | 4833 7208 | 48f7 c6fc 
  0x000002515d3fc44c: ffff ff74 | 0b48 834a | 0802 eb04 | 4889 7208 | 4d85 c975 | 0ef6 4218 | 0175 54f0 | 4883 4a18 
  0x000002515d3fc46c: 01eb 4c41 | 8b71 0849 | ba00 0000 | 0051 0200 | 0049 03f2 | 4c8b d648 | 3372 1848 | f7c6 fcff 
  0x000002515d3fc48c: ffff 742b | 40f6 c602 | 7525 48f7 | 4218 feff | ffff 7417 | 498b f248 | 3372 1848 | f7c6 fcff 
  0x000002515d3fc4ac: ffff 740b | 4883 4a18 | 02eb 0448 | 8972 1848 | 8bb4 24c0 

  0x000002515d3fc4c0: ;   {metadata(method data for {method} {0x00000251000ae518} 'invokeExact_MT' '(Ljava/lang/Object;Ljava/lang/Object;Ljava/lang/Object;Ljava/lang/Object;)Ljava/lang/Object;' in 'java/lang/invoke/Invokers$Holder')}
  0x000002515d3fc4c0: 0000 0048 | ba78 a735 | 7351 0200 | 0048 8382 | e001 0000 | 0148 8b94 | 24c0 0000 

  0x000002515d3fc4dc: ;   {optimized virtual_call}
  0x000002515d3fc4dc: 0066 90e8 

  0x000002515d3fc4e0: ; ImmutableOopMap {[168]=Oop }
                      ;*invokevirtual invokeBasic {reexecute=0 rethrow=0 return_oop=0}
                      ; - java.lang.invoke.Invokers$Holder::invokeExact_MT@20
                      ; - jdk.internal.reflect.DirectMethodHandleAccessor::invokeImpl@104
                      ; - jdk.internal.reflect.DirectMethodHandleAccessor::invoke@23
  0x000002515d3fc4e0: 9c67 8407 

  0x000002515d3fc4e4: ;   {other}
  0x000002515d3fc4e4: 0f1f 8400 | d40c 0003 

  0x000002515d3fc4ec: ;   {metadata(method data for {method} {0x00000251000ae518} 'invokeExact_MT' '(Ljava/lang/Object;Ljava/lang/Object;Ljava/lang/Object;Ljava/lang/Object;)Ljava/lang/Object;' in 'java/lang/invoke/Invokers$Holder')}
  0x000002515d3fc4ec: 49b8 78a7 | 3573 5102 | 0000 4d8d | 8038 0200 | 0048 85c0 | 750d 41f6 | 0001 754e | f049 8308 
  0x000002515d3fc50c: 01eb 4744 | 8b48 0849 | ba00 0000 | 0051 0200 | 004d 03ca | 4d8b d14d | 3308 49f7 | c1fc ffff 
  0x000002515d3fc52c: ff74 2741 | f6c1 0275 | 2149 f700 | feff ffff | 7415 4d8b | ca4d 3308 | 49f7 c1fc | ffff ff74 
  0x000002515d3fc54c: 0949 8308 | 02eb 034d 

  0x000002515d3fc554: ;   {metadata(method data for {method} {0x00000251003c8518} 'invokeImpl' '(Ljava/lang/Object;[Ljava/lang/Object;)Ljava/lang/Object;' in 'jdk/internal/reflect/DirectMethodHandleAccessor')}
  0x000002515d3fc554: 8908 49b8 | 005f 3973 | 5102 0000 | 4d8d 80b8 | 0300 0048 | 85c0 750d | 41f6 0001 | 754e f049 
  0x000002515d3fc574: 8308 01eb | 4744 8b48 | 0849 ba00 | 0000 0051 | 0200 004d | 03ca 4d8b | d14d 3308 | 49f7 c1fc 
  0x000002515d3fc594: ffff ff74 | 2741 f6c1 | 0275 2149 | f700 feff | ffff 7415 | 4d8b ca4d | 3308 49f7 | c1fc ffff 
  0x000002515d3fc5b4: ff74 0949 | 8308 02eb | 034d 8908 | 4881 c430 | 0100 005d 

  0x000002515d3fc5c8: ;   {poll_return}
  0x000002515d3fc5c8: 493b a750 | 0400 000f | 87a8 1500 | 00c3 4c8b | 8c24 b000 | 0000 4c8b | 8424 b800 | 0000 8b5a 
  0x000002515d3fc5e8: 1841 8379 | 0c00 0f86 | a915 0000 | 418b 7910 | 4183 790c | 010f 86ac | 1500 0041 | 8b71 1441 
  0x000002515d3fc608: 8379 0c02 | 0f86 af15 | 0000 418b | 4918 6690 

  0x000002515d3fc618: ;   {oop(a 'java/lang/invoke/MethodType'{0x000000008076d2d0} = (Ljava/lang/Object;Ljava/lang/Object;Ljava/lang/Object;Ljava/lang/Object;)Ljava/lang/Object;)}
  0x000002515d3fc618: 48b8 d0d2 | 7680 0000 | 0000 483b 

  0x000002515d3fc624: ;   {metadata(method data for {method} {0x00000251003c8518} 'invokeImpl' '(Ljava/lang/Object;[Ljava/lang/Object;)Ljava/lang/Object;' in 'jdk/internal/reflect/DirectMethodHandleAccessor')}
  0x000002515d3fc624: 0349 b900 | 5f39 7351 | 0200 004d | 8d89 1803 | 0000 4d85 | c075 0f41 | f641 0801 | 7554 f049 
  0x000002515d3fc644: 8349 0801 | eb4c 458b | 5808 49ba | 0000 0000 | 5102 0000 | 4d03 da4d | 8bd3 4d33 | 5908 49f7 
  0x000002515d3fc664: c3fc ffff | ff74 2b41 | f6c3 0275 | 2549 f741 | 08fe ffff | ff74 174d | 8bda 4d33 | 5908 49f7 
  0x000002515d3fc684: c3fc ffff | ff74 0b49 | 8349 0802 | eb04 4d89 | 5908 4885 | ff75 0f41 | f641 1801 | 7554 f049 
  0x000002515d3fc6a4: 8349 1801 | eb4c 448b | 5f08 49ba | 0000 0000 | 5102 0000 | 4d03 da4d | 8bd3 4d33 | 5918 49f7 
  0x000002515d3fc6c4: c3fc ffff | ff74 2b41 | f6c3 0275 | 2549 f741 | 18fe ffff | ff74 174d | 8bda 4d33 | 5918 49f7 
  0x000002515d3fc6e4: c3fc ffff | ff74 0b49 | 8349 1802 | eb04 4d89 | 5918 4c8b 

  0x000002515d3fc6f8: ;   {metadata(method data for {method} {0x00000251003c8518} 'invokeImpl' '(Ljava/lang/Object;[Ljava/lang/Object;)Ljava/lang/Object;' in 'jdk/internal/reflect/DirectMethodHandleAccessor')}
  0x000002515d3fc6f8: cb49 bb00 | 5f39 7351 | 0200 0045 | 8b49 0849 | ba00 0000 | 0051 0200 | 004d 03ca | 4d3b 8bf0 
  0x000002515d3fc718: 0200 0075 | 0d49 8383 | f802 0000 | 01e9 6000 | 0000 4d3b | 8b00 0300 | 0075 0d49 | 8383 0803 
  0x000002515d3fc738: 0000 01e9 | 4a00 0000 | 4983 bbf0 | 0200 0000 | 7517 4d89 | 8bf0 0200 | 0049 c783 | f802 0000 
  0x000002515d3fc758: 0100 0000 | e929 0000 | 0049 83bb | 0003 0000 | 0075 174d | 898b 0003 | 0000 49c7 | 8308 0300 
  0x000002515d3fc778: 0001 0000 | 00e9 0800 | 0000 4983 | 83e0 0200 | 0001 4c8b | cf48 8bfe | 488b f148 | 8bc8 488b 
  0x000002515d3fc798: d366 0f1f 

  0x000002515d3fc79c: ;   {optimized virtual_call}
  0x000002515d3fc79c: 4400 00e8 

  0x000002515d3fc7a0: ; ImmutableOopMap {[168]=Oop }
                      ;*invokevirtual invokeExact {reexecute=0 rethrow=0 return_oop=0}
                      ; - jdk.internal.reflect.DirectMethodHandleAccessor::invokeImpl@92
                      ; - jdk.internal.reflect.DirectMethodHandleAccessor::invoke@23
  0x000002515d3fc7a0: 4917 0000 

  0x000002515d3fc7a4: ;   {other}
  0x000002515d3fc7a4: 0f1f 8400 | 940f 0004 

  0x000002515d3fc7ac: ;   {metadata(method data for {method} {0x00000251003c8518} 'invokeImpl' '(Ljava/lang/Object;[Ljava/lang/Object;)Ljava/lang/Object;' in 'jdk/internal/reflect/DirectMethodHandleAccessor')}
  0x000002515d3fc7ac: 48ba 005f | 3973 5102 | 0000 488d | 9238 0300 | 0048 85c0 | 750c f602 | 0175 4df0 | 4883 0a01 
  0x000002515d3fc7cc: eb46 8b70 | 0849 ba00 | 0000 0051 | 0200 0049 | 03f2 4c8b | d648 3332 | 48f7 c6fc | ffff ff74 
  0x000002515d3fc7ec: 2740 f6c6 | 0275 2148 | f702 feff | ffff 7415 | 498b f248 | 3332 48f7 | c6fc ffff | ff74 0948 
  0x000002515d3fc80c: 830a 02eb | 0348 8932 

  0x000002515d3fc814: ;   {metadata(method data for {method} {0x00000251003c8518} 'invokeImpl' '(Ljava/lang/Object;[Ljava/lang/Object;)Ljava/lang/Object;' in 'jdk/internal/reflect/DirectMethodHandleAccessor')}
  0x000002515d3fc814: 48ba 005f | 3973 5102 | 0000 ff82 | 4803 0000 | 4881 c430 | 0100 005d 

  0x000002515d3fc82c: ;   {poll_return}
  0x000002515d3fc82c: 493b a750 | 0400 000f | 87b8 1300 | 00c3 4c8b | 8c24 b000 | 0000 4c8b | 8424 b800 | 0000 8b72 
  0x000002515d3fc84c: 1848 89b4 | 24d0 0000 | 0041 8379 | 0c00 0f86 | b113 0000 | 418b 7910 | 4889 bc24 | c800 0000 
  0x000002515d3fc86c: 4183 790c | 010f 86ac | 1300 0041 | 8b59 1448 | 899c 24d8 

  0x000002515d3fc880: ;   {metadata(method data for {method} {0x00000251003c8518} 'invokeImpl' '(Ljava/lang/Object;[Ljava/lang/Object;)Ljava/lang/Object;' in 'jdk/internal/reflect/DirectMethodHandleAccessor')}
  0x000002515d3fc880: 0000 0048 | b800 5f39 | 7351 0200 | 0048 8d80 | 9802 0000 | 4d85 c075 | 0ef6 4008 | 0175 53f0 
  0x000002515d3fc8a0: 4883 4808 | 01eb 4b41 | 8b48 0849 | ba00 0000 | 0051 0200 | 0049 03ca | 4c8b d148 | 3348 0848 
  0x000002515d3fc8c0: f7c1 fcff | ffff 742a | f6c1 0275 | 2548 f740 | 08fe ffff | ff74 1749 | 8bca 4833 | 4808 48f7 
  0x000002515d3fc8e0: c1fc ffff | ff74 0b48 | 8348 0802 | eb04 4889 

  0x000002515d3fc8f0: ;   {metadata(method data for {method} {0x0000025173405ab8} 'invokeExact_MT' '(Ljava/lang/Object;Ljava/lang/Object;Ljava/lang/Object;Ljava/lang/Object;Ljava/lang/Object;)Ljava/lang/Object;' in 'java/lang/invoke/LambdaForm$MH+0x0000025101002c00')}
  0x000002515d3fc8f0: 4808 48b8 | 185d 4073 | 5102 0000 | 488d 80c0 | 0200 0048 | 85f6 750c | f600 0175 | 4cf0 4883 
  0x000002515d3fc910: 0801 eb45 | 8b4e 0849 | ba00 0000 | 0051 0200 | 0049 03ca | 4c8b d148 | 3308 48f7 | c1fc ffff 
  0x000002515d3fc930: ff74 26f6 | c102 7521 | 48f7 00fe | ffff ff74 | 1549 8bca | 4833 0848 | f7c1 fcff | ffff 7409 
  0x000002515d3fc950: 4883 0802 | eb03 4889 | 084d 85c0 | 750e f640 | 1001 7553 | f048 8348 | 1001 eb4b | 418b 4808 
  0x000002515d3fc970: 49ba 0000 | 0000 5102 | 0000 4903 | ca4c 8bd1 | 4833 4810 | 48f7 c1fc | ffff ff74 | 2af6 c102 
  0x000002515d3fc990: 7525 48f7 | 4010 feff | ffff 7417 | 498b ca48 | 3348 1048 | f7c1 fcff | ffff 740b | 4883 4810 
  0x000002515d3fc9b0: 02eb 0448 

  0x000002515d3fc9b4: ;   {metadata(method data for {method} {0x00000251003c8518} 'invokeImpl' '(Ljava/lang/Object;[Ljava/lang/Object;)Ljava/lang/Object;' in 'jdk/internal/reflect/DirectMethodHandleAccessor')}
  0x000002515d3fc9b4: 8948 1048 | b800 5f39 | 7351 0200 | 0048 8380 | 6002 0000 

  0x000002515d3fc9c8: ;   {metadata(method data for {method} {0x0000025173405ab8} 'invokeExact_MT' '(Ljava/lang/Object;Ljava/lang/Object;Ljava/lang/Object;Ljava/lang/Object;Ljava/lang/Object;)Ljava/lang/Object;' in 'java/lang/invoke/LambdaForm$MH+0x0000025101002c00')}
  0x000002515d3fc9c8: 0148 b818 | 5d40 7351 | 0200 008b | 88cc 0000 | 0083 c102 | 8988 cc00 | 0000 81e1 | feff 1f00 
  0x000002515d3fc9e8: 85c9 0f84 | 4512 0000 

  0x000002515d3fc9f0: ;   {metadata(method data for {method} {0x0000025173405ab8} 'invokeExact_MT' '(Ljava/lang/Object;Ljava/lang/Object;Ljava/lang/Object;Ljava/lang/Object;Ljava/lang/Object;)Ljava/lang/Object;' in 'java/lang/invoke/LambdaForm$MH+0x0000025101002c00')}
  0x000002515d3fc9f0: 48b8 185d | 4073 5102 | 0000 488d | 8090 0100 | 0048 85f6 | 750e f640 | 0801 7552 | f048 8348 
  0x000002515d3fca10: 0801 eb4a | 8b4e 0849 | ba00 0000 | 0051 0200 | 0049 03ca | 4c8b d148 | 3348 0848 | f7c1 fcff 
  0x000002515d3fca30: ffff 742a | f6c1 0275 | 2548 f740 | 08fe ffff | ff74 1749 | 8bca 4833 | 4808 48f7 | c1fc ffff 
  0x000002515d3fca50: ff74 0b48 | 8348 0802 | eb04 4889 

  0x000002515d3fca5c: ;   {oop(a 'java/lang/invoke/MethodType'{0x000000008076d0c8} = (Ljava/lang/Object;Ljava/lang/Object;Ljava/lang/Object;)Ljava/lang/Object;)}
  0x000002515d3fca5c: 4808 48b9 | c8d0 7680 | 0000 0000 | 4885 c975 | 0cf6 4018 | 0175 06f0 | 4883 4818 

  0x000002515d3fca78: ;   {metadata(method data for {method} {0x0000025173405ab8} 'invokeExact_MT' '(Ljava/lang/Object;Ljava/lang/Object;Ljava/lang/Object;Ljava/lang/Object;Ljava/lang/Object;)Ljava/lang/Object;' in 'java/lang/invoke/LambdaForm$MH+0x0000025101002c00')}
  0x000002515d3fca78: 0148 b818 | 5d40 7351 | 0200 0048 | 8380 8001 

  0x000002515d3fca88: ;   {metadata(method data for {method} {0x00000251003dc408} 'checkExactType' '(Ljava/lang/invoke/MethodHandle;Ljava/lang/invoke/MethodType;)V' in 'java/lang/invoke/Invokers')}
  0x000002515d3fca88: 0000 0148 | b8d8 9b2e | 7351 0200 | 0044 8b88 | cc00 0000 | 4183 c102 | 4489 88cc | 0000 0041 
  0x000002515d3fcaa8: 81e1 feff | 1f00 4585 | c90f 849f | 1100 0048 | 3b06 488b 

  0x000002515d3fcabc: ;   {metadata(method data for {method} {0x00000251003dc408} 'checkExactType' '(Ljava/lang/invoke/MethodHandle;Ljava/lang/invoke/MethodType;)V' in 'java/lang/invoke/Invokers')}
  0x000002515d3fcabc: c649 b9d8 | 9b2e 7351 | 0200 008b | 4008 49ba | 0000 0000 | 5102 0000 | 4903 c249 | 3b81 2001 
  0x000002515d3fcadc: 0000 750d | 4983 8128 | 0100 0001 | e960 0000 | 0049 3b81 | 3001 0000 | 750d 4983 | 8138 0100 
  0x000002515d3fcafc: 0001 e94a | 0000 0049 | 83b9 2001 | 0000 0075 | 1749 8981 | 2001 0000 | 49c7 8128 | 0100 0001 
  0x000002515d3fcb1c: 0000 00e9 | 2900 0000 | 4983 b930 | 0100 0000 | 7517 4989 | 8130 0100 | 0049 c781 | 3801 0000 
  0x000002515d3fcb3c: 0100 0000 | e908 0000 | 0049 8381 | 1001 0000 | 018b 4610 

  0x000002515d3fcb50: ;   {metadata(method data for {method} {0x00000251003dc408} 'checkExactType' '(Ljava/lang/invoke/MethodHandle;Ljava/lang/invoke/MethodType;)V' in 'java/lang/invoke/Invokers')}
  0x000002515d3fcb50: 483b c148 | b9d8 9b2e | 7351 0200 | 0049 c7c1 | 5801 0000 | 7507 49c7 | c148 0100 | 004e 8b1c 
  0x000002515d3fcb70: 094d 8d5b | 014e 891c | 090f 8508 

  0x000002515d3fcb7c: ;   {metadata(method data for {method} {0x0000025173405ab8} 'invokeExact_MT' '(Ljava/lang/Object;Ljava/lang/Object;Ljava/lang/Object;Ljava/lang/Object;Ljava/lang/Object;)Ljava/lang/Object;' in 'java/lang/invoke/LambdaForm$MH+0x0000025101002c00')}
  0x000002515d3fcb7c: 0900 0048 | b818 5d40 | 7351 0200 | 0048 8d80 | c801 0000 | 8b4e 0849 | ba00 0000 | 0051 0200 
  0x000002515d3fcb9c: 0049 03ca | 4c8b d148 | 3348 0848 | f7c1 fcff | ffff 742a | f6c1 0275 | 2548 f740 | 08fe ffff 
  0x000002515d3fcbbc: ff74 1749 | 8bca 4833 | 4808 48f7 | c1fc ffff | ff74 0b48 | 8348 0802 | eb04 4889 

  0x000002515d3fcbd8: ;   {metadata(method data for {method} {0x0000025173405ab8} 'invokeExact_MT' '(Ljava/lang/Object;Ljava/lang/Object;Ljava/lang/Object;Ljava/lang/Object;Ljava/lang/Object;)Ljava/lang/Object;' in 'java/lang/invoke/LambdaForm$MH+0x0000025101002c00')}
  0x000002515d3fcbd8: 4808 48b8 | 185d 4073 | 5102 0000 | 4883 80b8 | 0100 0001 

  0x000002515d3fcbec: ;   {metadata(method data for {method} {0x00000251003dc300} 'checkCustomized' '(Ljava/lang/invoke/MethodHandle;)V' in 'java/lang/invoke/Invokers')}
  0x000002515d3fcbec: 48b8 28a0 | 2e73 5102 | 0000 8b88 | cc00 0000 | 83c1 0289 | 88cc 0000 | 0081 e1fe | ff1f 0085 
  0x000002515d3fcc0c: c90f 8469 

  0x000002515d3fcc10: ;   {metadata(method data for {method} {0x00000251003dc300} 'checkCustomized' '(Ljava/lang/invoke/MethodHandle;)V' in 'java/lang/invoke/Invokers')}
  0x000002515d3fcc10: 1000 0048 | b828 a02e | 7351 0200 | 0048 8380 | 1001 0000 

  0x000002515d3fcc24: ;   {metadata(method data for {method} {0x00000251000944d8} 'isCompileConstant' '(Ljava/lang/Object;)Z' in 'java/lang/invoke/MethodHandleImpl')}
  0x000002515d3fcc24: 0148 b8d8 | a12e 7351 | 0200 008b | 88cc 0000 | 0083 c102 | 8988 cc00 | 0000 81e1 | feff 1f00 
  0x000002515d3fcc44: 85c9 0f84 | 5110 0000 

  0x000002515d3fcc4c: ;   {metadata(method data for {method} {0x00000251003dc300} 'checkCustomized' '(Ljava/lang/invoke/MethodHandle;)V' in 'java/lang/invoke/Invokers')}
  0x000002515d3fcc4c: 48b8 28a0 | 2e73 5102 | 0000 ff80 | 2001 0000 | 8b46 148b | 401c 4885 

  0x000002515d3fcc64: ;   {metadata(method data for {method} {0x00000251003dc300} 'checkCustomized' '(Ljava/lang/invoke/MethodHandle;)V' in 'java/lang/invoke/Invokers')}
  0x000002515d3fcc64: c048 b828 | a02e 7351 | 0200 0048 | c7c1 4001 | 0000 7507 | 48c7 c150 | 0100 004c | 8b0c 084d 
  0x000002515d3fcc84: 8d49 014c | 890c 080f | 8523 0000 

  0x000002515d3fcc90: ;   {metadata(method data for {method} {0x00000251003dc300} 'checkCustomized' '(Ljava/lang/invoke/MethodHandle;)V' in 'java/lang/invoke/Invokers')}
  0x000002515d3fcc90: 0048 b828 | a02e 7351 | 0200 0048 | 8380 6001 | 0000 0148 

  0x000002515d3fcca4: ;   {static_call}
  0x000002515d3fcca4: 8bd6 90e8 

  0x000002515d3fcca8: ; ImmutableOopMap {[168]=Oop [184]=Oop [200]=Oop [208]=Oop [216]=Oop }
                      ;*invokestatic maybeCustomize {reexecute=0 rethrow=0 return_oop=0}
                      ; - java.lang.invoke.Invokers::checkCustomized@19
                      ; - java.lang.invoke.LambdaForm$MH/0x0000025101002c00::invokeExact_MT@15
                      ; - jdk.internal.reflect.DirectMethodHandleAccessor::invokeImpl@72
                      ; - jdk.internal.reflect.DirectMethodHandleAccessor::invoke@23
  0x000002515d3fcca8: f4ac af07 

  0x000002515d3fccac: ;   {other}
  0x000002515d3fccac: 0f1f 8400 | 9c14 0005 | 488b bc24 | c800 0000 | 4c8b 8424 | b800 0000 

  0x000002515d3fccc4: ;   {metadata(method data for {method} {0x0000025173405ab8} 'invokeExact_MT' '(Ljava/lang/Object;Ljava/lang/Object;Ljava/lang/Object;Ljava/lang/Object;Ljava/lang/Object;)Ljava/lang/Object;' in 'java/lang/invoke/LambdaForm$MH+0x0000025101002c00')}
  0x000002515d3fccc4: 49b9 185d | 4073 5102 | 0000 4d8d | 8918 0200 | 004d 85c0 | 750f 41f6 | 4108 0175 | 53f0 4983 
  0x000002515d3fcce4: 4908 01eb | 4b41 8b50 | 0849 ba00 | 0000 0051 | 0200 0049 | 03d2 4c8b | d249 3351 | 0848 f7c2 
  0x000002515d3fcd04: fcff ffff | 742a f6c2 | 0275 2549 | f741 08fe | ffff ff74 | 1749 8bd2 | 4933 5108 | 48f7 c2fc 
  0x000002515d3fcd24: ffff ff74 | 0b49 8349 | 0802 eb04 | 4989 5108 | 4885 ff75 | 0f41 f641 | 1801 7552 | f049 8349 
  0x000002515d3fcd44: 1801 eb4a | 8b57 0849 | ba00 0000 | 0051 0200 | 0049 03d2 | 4c8b d249 | 3351 1848 | f7c2 fcff 
  0x000002515d3fcd64: ffff 742a | f6c2 0275 | 2549 f741 | 18fe ffff | ff74 1749 | 8bd2 4933 | 5118 48f7 | c2fc ffff 
  0x000002515d3fcd84: ff74 0b49 | 8349 1802 | eb04 4989 | 5118 488b | b424 d000 

  0x000002515d3fcd98: ;   {metadata(method data for {method} {0x0000025173405ab8} 'invokeExact_MT' '(Ljava/lang/Object;Ljava/lang/Object;Ljava/lang/Object;Ljava/lang/Object;Ljava/lang/Object;)Ljava/lang/Object;' in 'java/lang/invoke/LambdaForm$MH+0x0000025101002c00')}
  0x000002515d3fcd98: 0000 49b9 | 185d 4073 | 5102 0000 | 4983 81e0 | 0100 0001 | 4c8b cf48 | 8bbc 24d8 | 0000 0048 
  0x000002515d3fcdb8: 8b94 24d0 

  0x000002515d3fcdbc: ;   {optimized virtual_call}
  0x000002515d3fcdbc: 0000 00e8 

  0x000002515d3fcdc0: ; ImmutableOopMap {[168]=Oop }
                      ;*invokevirtual invokeBasic {reexecute=0 rethrow=0 return_oop=0}
                      ; - java.lang.invoke.LambdaForm$MH/0x0000025101002c00::invokeExact_MT@22
                      ; - jdk.internal.reflect.DirectMethodHandleAccessor::invokeImpl@72
                      ; - jdk.internal.reflect.DirectMethodHandleAccessor::invoke@23
  0x000002515d3fcdc0: bc7d 8407 

  0x000002515d3fcdc4: ;   {other}
  0x000002515d3fcdc4: 0f1f 8400 | b415 0006 

  0x000002515d3fcdcc: ;   {metadata(method data for {method} {0x0000025173405ab8} 'invokeExact_MT' '(Ljava/lang/Object;Ljava/lang/Object;Ljava/lang/Object;Ljava/lang/Object;Ljava/lang/Object;)Ljava/lang/Object;' in 'java/lang/invoke/LambdaForm$MH+0x0000025101002c00')}
  0x000002515d3fcdcc: 49b8 185d | 4073 5102 | 0000 4d8d | 8038 0200 | 0048 85c0 | 750d 41f6 | 0001 754e | f049 8308 
  0x000002515d3fcdec: 01eb 4744 | 8b48 0849 | ba00 0000 | 0051 0200 | 004d 03ca | 4d8b d14d | 3308 49f7 | c1fc ffff 
  0x000002515d3fce0c: ff74 2741 | f6c1 0275 | 2149 f700 | feff ffff | 7415 4d8b | ca4d 3308 | 49f7 c1fc | ffff ff74 
  0x000002515d3fce2c: 0949 8308 | 02eb 034d 

  0x000002515d3fce34: ;   {metadata(method data for {method} {0x00000251003c8518} 'invokeImpl' '(Ljava/lang/Object;[Ljava/lang/Object;)Ljava/lang/Object;' in 'jdk/internal/reflect/DirectMethodHandleAccessor')}
  0x000002515d3fce34: 8908 49b8 | 005f 3973 | 5102 0000 | 4d8d 80b8 | 0200 0048 | 85c0 750d | 41f6 0001 | 754e f049 
  0x000002515d3fce54: 8308 01eb | 4744 8b48 | 0849 ba00 | 0000 0051 | 0200 004d | 03ca 4d8b | d14d 3308 | 49f7 c1fc 
  0x000002515d3fce74: ffff ff74 | 2741 f6c1 | 0275 2149 | f700 feff | ffff 7415 | 4d8b ca4d | 3308 49f7 | c1fc ffff 
  0x000002515d3fce94: ff74 0949 | 8308 02eb | 034d 8908 

  0x000002515d3fcea0: ;   {metadata(method data for {method} {0x00000251003c8518} 'invokeImpl' '(Ljava/lang/Object;[Ljava/lang/Object;)Ljava/lang/Object;' in 'jdk/internal/reflect/DirectMethodHandleAccessor')}
  0x000002515d3fcea0: 49b8 005f | 3973 5102 | 0000 41ff | 80c8 0200 | 0048 81c4 | 3001 0000 

  0x000002515d3fceb8: ;   {poll_return}
  0x000002515d3fceb8: 5d49 3ba7 | 5004 0000 | 0f87 fd0d | 0000 c34c | 8b8c 24b0 | 0000 004c | 8b84 24b8 | 0000 008b 
  0x000002515d3fced8: 7218 4183 | 790c 000f | 86fe 0d00 | 0045 8b49 | 100f 1f80 | 0000 0000 

  0x000002515d3fcef0: ;   {oop(a 'java/lang/invoke/MethodType'{0x000000008076cec8} = (Ljava/lang/Object;Ljava/lang/Object;)Ljava/lang/Object;)}
  0x000002515d3fcef0: 48bf c8ce | 7680 0000 | 0000 483b 

  0x000002515d3fcefc: ;   {metadata(method data for {method} {0x00000251003c8518} 'invokeImpl' '(Ljava/lang/Object;[Ljava/lang/Object;)Ljava/lang/Object;' in 'jdk/internal/reflect/DirectMethodHandleAccessor')}
  0x000002515d3fcefc: 0648 bb00 | 5f39 7351 | 0200 0048 | 8d9b 1802 | 0000 4d85 | c075 0ef6 | 4308 0175 | 50f0 4883 
  0x000002515d3fcf1c: 4b08 01eb | 4841 8b40 | 0849 ba00 | 0000 0051 | 0200 0049 | 03c2 4c8b | d048 3343 | 0848 a9fc 
  0x000002515d3fcf3c: ffff ff74 | 28a8 0275 | 2448 f743 | 08fe ffff | ff74 1649 | 8bc2 4833 | 4308 48a9 | fcff ffff 
  0x000002515d3fcf5c: 740b 4883 | 4b08 02eb | 0448 8943 | 084d 85c9 | 750e f643 | 1801 7550 | f048 834b | 1801 eb48 
  0x000002515d3fcf7c: 418b 4108 | 49ba 0000 | 0000 5102 | 0000 4903 | c24c 8bd0 | 4833 4318 | 48a9 fcff | ffff 7428 
  0x000002515d3fcf9c: a802 7524 | 48f7 4318 | feff ffff | 7416 498b | c248 3343 | 1848 a9fc | ffff ff74 | 0b48 834b 
  0x000002515d3fcfbc: 1802 eb04 | 4889 4318 

  0x000002515d3fcfc4: ;   {metadata(method data for {method} {0x00000251003c8518} 'invokeImpl' '(Ljava/lang/Object;[Ljava/lang/Object;)Ljava/lang/Object;' in 'jdk/internal/reflect/DirectMethodHandleAccessor')}
  0x000002515d3fcfc4: 488b de48 | b800 5f39 | 7351 0200 | 008b 5b08 | 49ba 0000 | 0000 5102 | 0000 4903 | da48 3b98 
  0x000002515d3fcfe4: f001 0000 | 750d 4883 | 80f8 0100 | 0001 e960 | 0000 0048 | 3b98 0002 | 0000 750d | 4883 8008 
  0x000002515d3fd004: 0200 0001 | e94a 0000 | 0048 83b8 | f001 0000 | 0075 1748 | 8998 f001 | 0000 48c7 | 80f8 0100 
  0x000002515d3fd024: 0001 0000 | 00e9 2900 | 0000 4883 | b800 0200 | 0000 7517 | 4889 9800 | 0200 0048 | c780 0802 
  0x000002515d3fd044: 0000 0100 | 0000 e908 | 0000 0048 | 8380 e001 | 0000 0148 | 8bd6 0f1f 

  0x000002515d3fd05c: ;   {optimized virtual_call}
  0x000002515d3fd05c: 4400 00e8 

  0x000002515d3fd060: ; ImmutableOopMap {[168]=Oop }
                      ;*invokevirtual invokeExact {reexecute=0 rethrow=0 return_oop=0}
                      ; - jdk.internal.reflect.DirectMethodHandleAccessor::invokeImpl@55
                      ; - jdk.internal.reflect.DirectMethodHandleAccessor::invoke@23
  0x000002515d3fd060: 3ccb 5200 

  0x000002515d3fd064: ;   {other}
  0x000002515d3fd064: 0f1f 8400 | 5418 0007 

  0x000002515d3fd06c: ;   {metadata(method data for {method} {0x00000251003c8518} 'invokeImpl' '(Ljava/lang/Object;[Ljava/lang/Object;)Ljava/lang/Object;' in 'jdk/internal/reflect/DirectMethodHandleAccessor')}
  0x000002515d3fd06c: 48ba 005f | 3973 5102 | 0000 488d | 9238 0200 | 0048 85c0 | 750c f602 | 0175 4df0 | 4883 0a01 
  0x000002515d3fd08c: eb46 8b70 | 0849 ba00 | 0000 0051 | 0200 0049 | 03f2 4c8b | d648 3332 | 48f7 c6fc | ffff ff74 
  0x000002515d3fd0ac: 2740 f6c6 | 0275 2148 | f702 feff | ffff 7415 | 498b f248 | 3332 48f7 | c6fc ffff | ff74 0948 
  0x000002515d3fd0cc: 830a 02eb | 0348 8932 

  0x000002515d3fd0d4: ;   {metadata(method data for {method} {0x00000251003c8518} 'invokeImpl' '(Ljava/lang/Object;[Ljava/lang/Object;)Ljava/lang/Object;' in 'jdk/internal/reflect/DirectMethodHandleAccessor')}
  0x000002515d3fd0d4: 48ba 005f | 3973 5102 | 0000 ff82 | 4802 0000 | 4881 c430 | 0100 005d 

  0x000002515d3fd0ec: ;   {poll_return}
  0x000002515d3fd0ec: 493b a750 | 0400 000f | 871a 0c00 | 00c3 4c8b | 8424 b800 | 0000 8b72 | 1848 89b4 | 24e0 0000 
  0x000002515d3fd10c: ;   {metadata(method data for {method} {0x00000251003c8518} 'invokeImpl' '(Ljava/lang/Object;[Ljava/lang/Object;)Ljava/lang/Object;' in 'jdk/internal/reflect/DirectMethodHandleAccessor')}
  0x000002515d3fd10c: 0048 bf00 | 5f39 7351 | 0200 0048 | 8dbf a801 | 0000 4d85 | c075 0cf6 | 4708 0175 | 06f0 4883 
  0x000002515d3fd12c: ;   {metadata(method data for {method} {0x00000251000ae5c8} 'invokeExact_MT' '(Ljava/lang/Object;Ljava/lang/Object;Ljava/lang/Object;)Ljava/lang/Object;' in 'java/lang/invoke/Invokers$Holder')}
  0x000002515d3fd12c: 4f08 0148 | bfc0 a435 | 7351 0200 | 0048 8dbf | a002 0000 | 4885 f675 | 0af6 0701 | 7505 f048 
  0x000002515d3fd14c: ;   {metadata(method data for {method} {0x00000251003c8518} 'invokeImpl' '(Ljava/lang/Object;[Ljava/lang/Object;)Ljava/lang/Object;' in 'jdk/internal/reflect/DirectMethodHandleAccessor')}
  0x000002515d3fd14c: 830f 0148 | bf00 5f39 | 7351 0200 | 0048 8387 | 7001 0000 

  0x000002515d3fd160: ;   {metadata(method data for {method} {0x00000251000ae5c8} 'invokeExact_MT' '(Ljava/lang/Object;Ljava/lang/Object;Ljava/lang/Object;)Ljava/lang/Object;' in 'java/lang/invoke/Invokers$Holder')}
  0x000002515d3fd160: 0148 bfc0 | a435 7351 | 0200 008b | 9fcc 0000 | 0083 c302 | 899f cc00 | 0000 81e3 | feff 1f00 
  0x000002515d3fd180: 85db 0f84 | a10b 0000 

  0x000002515d3fd188: ;   {metadata(method data for {method} {0x00000251000ae5c8} 'invokeExact_MT' '(Ljava/lang/Object;Ljava/lang/Object;Ljava/lang/Object;)Ljava/lang/Object;' in 'java/lang/invoke/Invokers$Holder')}
  0x000002515d3fd188: 48bf c0a4 | 3573 5102 | 0000 488d | bf90 0100 | 0048 85f6 | 750c f647 | 0801 7506 | f048 834f 
  0x000002515d3fd1a8: ;   {oop(a 'java/lang/invoke/MethodType'{0x0000000080750658} = (Ljava/lang/Object;)Ljava/lang/Object;)}
  0x000002515d3fd1a8: 0801 48bb | 5806 7580 | 0000 0000 | 4885 db75 | 0cf6 4718 | 0175 06f0 | 4883 4f18 

  0x000002515d3fd1c4: ;   {metadata(method data for {method} {0x00000251000ae5c8} 'invokeExact_MT' '(Ljava/lang/Object;Ljava/lang/Object;Ljava/lang/Object;)Ljava/lang/Object;' in 'java/lang/invoke/Invokers$Holder')}
  0x000002515d3fd1c4: 0148 bfc0 | a435 7351 | 0200 0048 | 8387 8001 

  0x000002515d3fd1d4: ;   {metadata(method data for {method} {0x00000251003dc408} 'checkExactType' '(Ljava/lang/invoke/MethodHandle;Ljava/lang/invoke/MethodType;)V' in 'java/lang/invoke/Invokers')}
  0x000002515d3fd1d4: 0000 0148 | bfd8 9b2e | 7351 0200 | 008b 87cc | 0000 0083 | c002 8987 | cc00 0000 | 25fe ff1f 
  0x000002515d3fd1f4: 0085 c00f | 844d 0b00 | 0048 3b06 

  0x000002515d3fd200: ;   {metadata(method data for {method} {0x00000251003dc408} 'checkExactType' '(Ljava/lang/invoke/MethodHandle;Ljava/lang/invoke/MethodType;)V' in 'java/lang/invoke/Invokers')}
  0x000002515d3fd200: 488b fe48 | b8d8 9b2e | 7351 0200 | 008b 7f08 | 49ba 0000 | 0000 5102 | 0000 4903 | fa48 3bb8 
  0x000002515d3fd220: 2001 0000 | 750d 4883 | 8028 0100 | 0001 e960 | 0000 0048 | 3bb8 3001 | 0000 750d | 4883 8038 
  0x000002515d3fd240: 0100 0001 | e94a 0000 | 0048 83b8 | 2001 0000 | 0075 1748 | 89b8 2001 | 0000 48c7 | 8028 0100 
  0x000002515d3fd260: 0001 0000 | 00e9 2900 | 0000 4883 | b830 0100 | 0000 7517 | 4889 b830 | 0100 0048 | c780 3801 
  0x000002515d3fd280: 0000 0100 | 0000 e908 | 0000 0048 | 8380 1001 | 0000 018b | 7e10 483b 

  0x000002515d3fd298: ;   {metadata(method data for {method} {0x00000251003dc408} 'checkExactType' '(Ljava/lang/invoke/MethodHandle;Ljava/lang/invoke/MethodType;)V' in 'java/lang/invoke/Invokers')}
  0x000002515d3fd298: fb48 bbd8 | 9b2e 7351 | 0200 0048 | c7c0 5801 | 0000 7507 | 48c7 c048 | 0100 0048 | 8b0c 0348 
  0x000002515d3fd2b8: 8d49 0148 | 890c 030f | 857d 0100 

  0x000002515d3fd2c4: ;   {metadata(method data for {method} {0x00000251000ae5c8} 'invokeExact_MT' '(Ljava/lang/Object;Ljava/lang/Object;Ljava/lang/Object;)Ljava/lang/Object;' in 'java/lang/invoke/Invokers$Holder')}
  0x000002515d3fd2c4: 0048 bfc0 | a435 7351 | 0200 0048 | 8387 b801 

  0x000002515d3fd2d4: ;   {metadata(method data for {method} {0x00000251003dc300} 'checkCustomized' '(Ljava/lang/invoke/MethodHandle;)V' in 'java/lang/invoke/Invokers')}
  0x000002515d3fd2d4: 0000 0148 | bf28 a02e | 7351 0200 | 008b 9fcc | 0000 0083 | c302 899f | cc00 0000 | 81e3 feff 
  0x000002515d3fd2f4: 1f00 85db | 0f84 720a 

  0x000002515d3fd2fc: ;   {metadata(method data for {method} {0x00000251003dc300} 'checkCustomized' '(Ljava/lang/invoke/MethodHandle;)V' in 'java/lang/invoke/Invokers')}
  0x000002515d3fd2fc: 0000 48bf | 28a0 2e73 | 5102 0000 | 4883 8710 | 0100 0001 

  0x000002515d3fd310: ;   {metadata(method data for {method} {0x00000251000944d8} 'isCompileConstant' '(Ljava/lang/Object;)Z' in 'java/lang/invoke/MethodHandleImpl')}
  0x000002515d3fd310: 48bf d8a1 | 2e73 5102 | 0000 8b9f | cc00 0000 | 83c3 0289 | 9fcc 0000 | 0081 e3fe | ff1f 0085 
  0x000002515d3fd330: db0f 845a 

  0x000002515d3fd334: ;   {metadata(method data for {method} {0x00000251003dc300} 'checkCustomized' '(Ljava/lang/invoke/MethodHandle;)V' in 'java/lang/invoke/Invokers')}
  0x000002515d3fd334: 0a00 0048 | bf28 a02e | 7351 0200 | 00ff 8720 | 0100 008b | 7e14 8b7f | 1c48 85ff 

  0x000002515d3fd350: ;   {metadata(method data for {method} {0x00000251003dc300} 'checkCustomized' '(Ljava/lang/invoke/MethodHandle;)V' in 'java/lang/invoke/Invokers')}
  0x000002515d3fd350: 48bf 28a0 | 2e73 5102 | 0000 48c7 | c340 0100 | 0075 0748 | c7c3 5001 | 0000 488b | 041f 488d 
  0x000002515d3fd370: 4001 4889 | 041f 0f85 | 2800 0000 

  0x000002515d3fd37c: ;   {metadata(method data for {method} {0x00000251003dc300} 'checkCustomized' '(Ljava/lang/invoke/MethodHandle;)V' in 'java/lang/invoke/Invokers')}
  0x000002515d3fd37c: 48bf 28a0 | 2e73 5102 | 0000 4883 | 8760 0100 | 0001 488b | d666 0f1f 

  0x000002515d3fd394: ;   {static_call}
  0x000002515d3fd394: 4400 00e8 

  0x000002515d3fd398: ; ImmutableOopMap {[168]=Oop [184]=Oop [224]=Oop }
                      ;*invokestatic maybeCustomize {reexecute=0 rethrow=0 return_oop=0}
                      ; - java.lang.invoke.Invokers::checkCustomized@19
                      ; - java.lang.invoke.Invokers$Holder::invokeExact_MT@14
                      ; - jdk.internal.reflect.DirectMethodHandleAccessor::invokeImpl@41
                      ; - jdk.internal.reflect.DirectMethodHandleAccessor::invoke@23
  0x000002515d3fd398: 04a6 af07 

  0x000002515d3fd39c: ;   {other}
  0x000002515d3fd39c: 0f1f 8400 | 8c1b 0008 | 488b b424 | e000 0000 

  0x000002515d3fd3ac: ;   {metadata(method data for {method} {0x00000251000ae5c8} 'invokeExact_MT' '(Ljava/lang/Object;Ljava/lang/Object;Ljava/lang/Object;)Ljava/lang/Object;' in 'java/lang/invoke/Invokers$Holder')}
  0x000002515d3fd3ac: 49b8 c0a4 | 3573 5102 | 0000 4983 | 80e0 0100 | 0001 4c8b | 8424 b800 | 0000 488b | 9424 e000 
  0x000002515d3fd3cc: ;   {optimized virtual_call}
  0x000002515d3fd3cc: 0000 90e8 

  0x000002515d3fd3d0: ; ImmutableOopMap {[168]=Oop }
                      ;*invokevirtual invokeBasic {reexecute=0 rethrow=0 return_oop=0}
                      ; - java.lang.invoke.Invokers$Holder::invokeExact_MT@19
                      ; - jdk.internal.reflect.DirectMethodHandleAccessor::invokeImpl@41
                      ; - jdk.internal.reflect.DirectMethodHandleAccessor::invoke@23
  0x000002515d3fd3d0: 2c66 8307 

  0x000002515d3fd3d4: ;   {other}
  0x000002515d3fd3d4: 0f1f 8400 | c41b 0009 

  0x000002515d3fd3dc: ;   {metadata(method data for {method} {0x00000251000ae5c8} 'invokeExact_MT' '(Ljava/lang/Object;Ljava/lang/Object;Ljava/lang/Object;)Ljava/lang/Object;' in 'java/lang/invoke/Invokers$Holder')}
  0x000002515d3fd3dc: 48ba c0a4 | 3573 5102 | 0000 488d | 9228 0200 | 0048 85c0 | 750a f602 | 0175 05f0 | 4883 0a01 
  0x000002515d3fd3fc: ;   {metadata(method data for {method} {0x00000251003c8518} 'invokeImpl' '(Ljava/lang/Object;[Ljava/lang/Object;)Ljava/lang/Object;' in 'jdk/internal/reflect/DirectMethodHandleAccessor')}
  0x000002515d3fd3fc: 48ba 005f | 3973 5102 | 0000 488d | 92b8 0100 | 0048 85c0 | 750a f602 | 0175 05f0 | 4883 0a01 
  0x000002515d3fd41c: ;   {metadata(method data for {method} {0x00000251003c8518} 'invokeImpl' '(Ljava/lang/Object;[Ljava/lang/Object;)Ljava/lang/Object;' in 'jdk/internal/reflect/DirectMethodHandleAccessor')}
  0x000002515d3fd41c: 48ba 005f | 3973 5102 | 0000 ff82 | c801 0000 | 4881 c430 | 0100 005d 

  0x000002515d3fd434: ;   {poll_return}
  0x000002515d3fd434: 493b a750 | 0400 000f | 8776 0900 

  0x000002515d3fd440: ;   {metadata(method data for {method} {0x00000251003dc408} 'checkExactType' '(Ljava/lang/invoke/MethodHandle;Ljava/lang/invoke/MethodType;)V' in 'java/lang/invoke/Invokers')}
  0x000002515d3fd440: 00c3 48ba | d89b 2e73 | 5102 0000 | 4883 8268 | 0100 0001 

  0x000002515d3fd454: ;   {oop(a 'java/lang/invoke/MethodType'{0x0000000080750658} = (Ljava/lang/Object;)Ljava/lang/Object;)}
  0x000002515d3fd454: 49b8 5806 | 7580 0000 | 0000 488b | d766 0f1f 

  0x000002515d3fd464: ;   {static_call}
  0x000002515d3fd464: 4400 00e8 

  0x000002515d3fd468: ; ImmutableOopMap {[168]=Oop [184]=Oop [224]=Oop }
                      ;*invokestatic newWrongMethodTypeException {reexecute=0 rethrow=0 return_oop=0}
                      ; - java.lang.invoke.Invokers::checkExactType@12
                      ; - java.lang.invoke.Invokers$Holder::invokeExact_MT@10
                      ; - jdk.internal.reflect.DirectMethodHandleAccessor::invokeImpl@41
                      ; - jdk.internal.reflect.DirectMethodHandleAccessor::invoke@23
  0x000002515d3fd468: 1419 2e07 

  0x000002515d3fd46c: ;   {other}
  0x000002515d3fd46c: 0f1f 8400 | 5c1c 000a 

  0x000002515d3fd474: ; implicit exception: dispatches to 0x000002515d3fddcd
                      ; ImmutableOopMap {rax=Oop [168]=Oop [184]=Oop [224]=Oop }
                      ;*athrow {reexecute=1 rethrow=0 return_oop=0}
                      ; - (reexecute) java.lang.invoke.Invokers::checkExactType@15
                      ; - java.lang.invoke.Invokers$Holder::invokeExact_MT@10
                      ; - jdk.internal.reflect.DirectMethodHandleAccessor::invokeImpl@41
                      ; - jdk.internal.reflect.DirectMethodHandleAccessor::invoke@23
                      ;   {section_word}
  0x000002515d3fd474: 483b 0048 | ba77 d43f | 5d51 0200 

  0x000002515d3fd480: ;   {runtime_call handle_exception_nofpu Runtime1 stub}
  0x000002515d3fd480: 00e8 7a42 

  0x000002515d3fd484: ;   {metadata(method data for {method} {0x00000251003dc408} 'checkExactType' '(Ljava/lang/invoke/MethodHandle;Ljava/lang/invoke/MethodType;)V' in 'java/lang/invoke/Invokers')}
  0x000002515d3fd484: 3007 9048 | bad8 9b2e | 7351 0200 | 0048 8382 | 6801 0000 

  0x000002515d3fd498: ;   {oop(a 'java/lang/invoke/MethodType'{0x000000008076d0c8} = (Ljava/lang/Object;Ljava/lang/Object;Ljava/lang/Object;)Ljava/lang/Object;)}
  0x000002515d3fd498: 0149 b8c8 | d076 8000 | 0000 0048 

  0x000002515d3fd4a4: ;   {static_call}
  0x000002515d3fd4a4: 8bd0 90e8 

  0x000002515d3fd4a8: ; ImmutableOopMap {[168]=Oop [184]=Oop [200]=Oop [208]=Oop [216]=Oop }
                      ;*invokestatic newWrongMethodTypeException {reexecute=0 rethrow=0 return_oop=0}
                      ; - java.lang.invoke.Invokers::checkExactType@12
                      ; - java.lang.invoke.LambdaForm$MH/0x0000025101002c00::invokeExact_MT@11
                      ; - jdk.internal.reflect.DirectMethodHandleAccessor::invokeImpl@72
                      ; - jdk.internal.reflect.DirectMethodHandleAccessor::invoke@23
  0x000002515d3fd4a8: d418 2e07 

  0x000002515d3fd4ac: ;   {other}
  0x000002515d3fd4ac: 0f1f 8400 | 9c1c 000c 

  0x000002515d3fd4b4: ; implicit exception: dispatches to 0x000002515d3fddd2
                      ; ImmutableOopMap {rax=Oop [168]=Oop [184]=Oop [200]=Oop [208]=Oop [216]=Oop }
                      ;*athrow {reexecute=1 rethrow=0 return_oop=0}
                      ; - (reexecute) java.lang.invoke.Invokers::checkExactType@15
                      ; - java.lang.invoke.LambdaForm$MH/0x0000025101002c00::invokeExact_MT@11
                      ; - jdk.internal.reflect.DirectMethodHandleAccessor::invokeImpl@72
                      ; - jdk.internal.reflect.DirectMethodHandleAccessor::invoke@23
                      ;   {section_word}
  0x000002515d3fd4b4: 483b 0048 | bab7 d43f | 5d51 0200 

  0x000002515d3fd4c0: ;   {runtime_call handle_exception_nofpu Runtime1 stub}
  0x000002515d3fd4c0: 00e8 3a42 

  0x000002515d3fd4c4: ;   {metadata(method data for {method} {0x00000251003dc408} 'checkExactType' '(Ljava/lang/invoke/MethodHandle;Ljava/lang/invoke/MethodType;)V' in 'java/lang/invoke/Invokers')}
  0x000002515d3fd4c4: 3007 9048 | bad8 9b2e | 7351 0200 | 0048 8382 | 6801 0000 

  0x000002515d3fd4d8: ;   {oop(a 'java/lang/invoke/MethodType'{0x00000000807742a0} = (Ljava/lang/Object;[Ljava/lang/Object;)Ljava/lang/Object;)}
  0x000002515d3fd4d8: 0149 b8a0 | 4277 8000 | 0000 0048 

  0x000002515d3fd4e4: ;   {static_call}
  0x000002515d3fd4e4: 8bd7 90e8 

  0x000002515d3fd4e8: ; ImmutableOopMap {[168]=Oop [176]=Oop [184]=Oop [192]=Oop }
                      ;*invokestatic newWrongMethodTypeException {reexecute=0 rethrow=0 return_oop=0}
                      ; - java.lang.invoke.Invokers::checkExactType@12
                      ; - java.lang.invoke.Invokers$Holder::invokeExact_MT@10
                      ; - jdk.internal.reflect.DirectMethodHandleAccessor::invokeImpl@104
                      ; - jdk.internal.reflect.DirectMethodHandleAccessor::invoke@23
  0x000002515d3fd4e8: 9418 2e07 

  0x000002515d3fd4ec: ;   {other}
  0x000002515d3fd4ec: 0f1f 8400 | dc1c 000e 

  0x000002515d3fd4f4: ; implicit exception: dispatches to 0x000002515d3fddd7
                      ; ImmutableOopMap {rax=Oop [168]=Oop [176]=Oop [184]=Oop [192]=Oop }
                      ;*athrow {reexecute=1 rethrow=0 return_oop=0}
                      ; - (reexecute) java.lang.invoke.Invokers::checkExactType@15
                      ; - java.lang.invoke.Invokers$Holder::invokeExact_MT@10
                      ; - jdk.internal.reflect.DirectMethodHandleAccessor::invokeImpl@104
                      ; - jdk.internal.reflect.DirectMethodHandleAccessor::invoke@23
                      ;   {section_word}
  0x000002515d3fd4f4: 483b 0048 | baf7 d43f | 5d51 0200 

  0x000002515d3fd500: ;   {runtime_call handle_exception_nofpu Runtime1 stub}
  0x000002515d3fd500: 00e8 fa41 | 3007 9049 | 8b87 0005 | 0000 4d33 | d24d 8997 | 0005 0000 | 4d33 d24d | 8997 0805 
  0x000002515d3fd520: 0000 488b | 9424 a800 

  0x000002515d3fd528: ;   {metadata(method data for {method} {0x000002510019cf00} 'invoke' '(Ljava/lang/Object;[Ljava/lang/Object;)Ljava/lang/Object;' in 'jdk/internal/reflect/DirectMethodHandleAccessor')}
  0x000002515d3fd528: 0000 49b8 | c85b 3973 | 5102 0000 | 4983 8060 | 0200 0001 

  0x000002515d3fd53c: ;   {metadata(method data for {method} {0x00000251003c84c0} 'isIllegalArgument' '(Ljava/lang/RuntimeException;)Z' in 'jdk/internal/reflect/DirectMethodHandleAccessor')}
  0x000002515d3fd53c: 48ba 9877 | 3973 5102 | 0000 448b | 82cc 0000 | 0041 83c0 | 0244 8982 | cc00 0000 | 4181 e0fe 
  0x000002515d3fd55c: ff1f 0045 | 85c0 0f84 | 7408 0000 

  0x000002515d3fd568: ;   {oop(a 'java/lang/Class'{0x00000000802426c0} = 'jdk/internal/reflect/DirectMethodHandleAccessor')}
  0x000002515d3fd568: 48ba c026 | 2480 0000 | 0000 4c8b | c048 8984 | 24e8 0000 

  0x000002515d3fd57c: ;   {static_call}
  0x000002515d3fd57c: 0066 90e8 

  0x000002515d3fd580: ; ImmutableOopMap {[232]=Oop }
                      ;*invokestatic isIllegalArgument {reexecute=0 rethrow=0 return_oop=0}
                      ; - jdk.internal.reflect.DirectMethodHandleAccessor::isIllegalArgument@3
                      ; - jdk.internal.reflect.DirectMethodHandleAccessor::invoke@58
  0x000002515d3fd580: fc17 2e07 

  0x000002515d3fd584: ;   {other}
  0x000002515d3fd584: 0f1f 8400 | 741d 0010 | 83e0 0185 

  0x000002515d3fd590: ;   {metadata(method data for {method} {0x000002510019cf00} 'invoke' '(Ljava/lang/Object;[Ljava/lang/Object;)Ljava/lang/Object;' in 'jdk/internal/reflect/DirectMethodHandleAccessor')}
  0x000002515d3fd590: c048 b8c8 | 5b39 7351 | 0200 0048 | c7c2 9802 | 0000 7407 | 48c7 c2a8 | 0200 004c | 8b04 104d 
  0x000002515d3fd5b0: 8d40 014c | 8904 100f | 84ac 0200 | 00e9 ff01 | 0000 498b | 8700 0500 | 004d 33d2 | 4d89 9700 
  0x000002515d3fd5d0: 0500 004d | 33d2 4d89 | 9708 0500 | 0048 8b94 | 24a8 0000 

  0x000002515d3fd5e4: ;   {metadata(method data for {method} {0x000002510019cf00} 'invoke' '(Ljava/lang/Object;[Ljava/lang/Object;)Ljava/lang/Object;' in 'jdk/internal/reflect/DirectMethodHandleAccessor')}
  0x000002515d3fd5e4: 0049 b8c8 | 5b39 7351 | 0200 0049 | 8380 e801 

  0x000002515d3fd5f4: ;   {metadata(method data for {method} {0x00000251003c84c0} 'isIllegalArgument' '(Ljava/lang/RuntimeException;)Z' in 'jdk/internal/reflect/DirectMethodHandleAccessor')}
  0x000002515d3fd5f4: 0000 0148 | ba98 7739 | 7351 0200 | 0044 8b82 | cc00 0000 | 4183 c002 | 4489 82cc | 0000 0041 
  0x000002515d3fd614: 81e0 feff | 1f00 4585 | c00f 84da 

  0x000002515d3fd620: ;   {oop(a 'java/lang/Class'{0x00000000802426c0} = 'jdk/internal/reflect/DirectMethodHandleAccessor')}
  0x000002515d3fd620: 0700 0048 | bac0 2624 | 8000 0000 | 004c 8bc0 | 4889 8424 | f000 0000 | 0f1f 8000 

  0x000002515d3fd63c: ;   {static_call}
  0x000002515d3fd63c: 0000 00e8 

  0x000002515d3fd640: ; ImmutableOopMap {[240]=Oop }
                      ;*invokestatic isIllegalArgument {reexecute=0 rethrow=0 return_oop=0}
                      ; - jdk.internal.reflect.DirectMethodHandleAccessor::isIllegalArgument@3
                      ; - jdk.internal.reflect.DirectMethodHandleAccessor::invoke@30
  0x000002515d3fd640: 3c17 2e07 

  0x000002515d3fd644: ;   {other}
  0x000002515d3fd644: 0f1f 8400 | 341e 0011 | 83e0 0185 

  0x000002515d3fd650: ;   {metadata(method data for {method} {0x000002510019cf00} 'invoke' '(Ljava/lang/Object;[Ljava/lang/Object;)Ljava/lang/Object;' in 'jdk/internal/reflect/DirectMethodHandleAccessor')}
  0x000002515d3fd650: c048 bac8 | 5b39 7351 | 0200 0048 | c7c6 2002 | 0000 7407 | 48c7 c630 | 0200 0048 | 8b3c 3248 
  0x000002515d3fd670: 8d7f 0148 | 893c 320f | 84a4 0000 | 0066 6690 

  0x000002515d3fd680: ;   {no_reloc}
  0x000002515d3fd680: e9a8 0700 | 0000 0000 | 0000 498b | 87b8 0100 | 0048 8d78 | 2849 3bbf | c801 0000 | 0f87 9507 
  0x000002515d3fd6a0: 0000 4989 | bfb8 0100 | 0048 c700 | 0100 0000 | 488b ca49 | ba00 0000 | 0051 0200 | 0049 2bca 
  0x000002515d3fd6c0: 8948 0848 | 33c9 8948 | 0c48 33c9 | 4889 4810 | 4889 4818 | 4889 4820 

  0x000002515d3fd6d8: ;   {metadata(method data for {method} {0x000002510019cf00} 'invoke' '(Ljava/lang/Object;[Ljava/lang/Object;)Ljava/lang/Object;' in 'jdk/internal/reflect/DirectMethodHandleAccessor')}
  0x000002515d3fd6d8: 4c8b c048 | bac8 5b39 | 7351 0200 | 0048 8382 | 4002 0000 

  0x000002515d3fd6ec: ;   {oop("argument type mismatch"{0x0000000080002318})}
  0x000002515d3fd6ec: 0149 b818 | 2300 8000 | 0000 0048 | 8bd0 4889 | 8424 f800 | 0000 0f1f 

  0x000002515d3fd704: ;   {optimized virtual_call}
  0x000002515d3fd704: 4400 00e8 

  0x000002515d3fd708: ; ImmutableOopMap {[248]=Oop }
                      ;*invokespecial <init> {reexecute=0 rethrow=0 return_oop=0}
                      ; - jdk.internal.reflect.DirectMethodHandleAccessor::invoke@42
  0x000002515d3fd708: 7410 2e07 

  0x000002515d3fd70c: ;   {other}
  0x000002515d3fd70c: 0f1f 8400 | fc1e 0012 | 488b 8424 | f800 0000 | e9b3 0700 | 004c 8b84 | 24f0 0000 

  0x000002515d3fd728: ;   {metadata('java/lang/reflect/InvocationTargetException')}
  0x000002515d3fd728: 0048 ba28 | 4c04 0151 | 0200 0049 | 8b87 b801 | 0000 488d | 7828 493b | bfc8 0100 | 000f 87f9 
  0x000002515d3fd748: 0600 0049 | 89bf b801 | 0000 48c7 | 0001 0000 | 0048 8bca | 49ba 0000 | 0000 5102 | 0000 492b 
  0x000002515d3fd768: ca89 4808 | 4833 c989 | 480c 4833 | c948 8948 | 1048 8948 | 1848 8948 | 2048 8bd0 

  0x000002515d3fd784: ;   {metadata(method data for {method} {0x000002510019cf00} 'invoke' '(Ljava/lang/Object;[Ljava/lang/Object;)Ljava/lang/Object;' in 'jdk/internal/reflect/DirectMethodHandleAccessor')}
  0x000002515d3fd784: 48be c85b | 3973 5102 | 0000 4883 | 8650 0200 | 0001 488b | d048 8984 | 2400 0100 | 0066 0f1f 
  0x000002515d3fd7a4: ;   {optimized virtual_call}
  0x000002515d3fd7a4: 4400 00e8 

  0x000002515d3fd7a8: ; ImmutableOopMap {[256]=Oop }
                      ;*invokespecial <init> {reexecute=0 rethrow=0 return_oop=0}
                      ; - jdk.internal.reflect.DirectMethodHandleAccessor::invoke@51
  0x000002515d3fd7a8: d40f 2e07 

  0x000002515d3fd7ac: ;   {other}
  0x000002515d3fd7ac: 0f1f 8400 | 9c1f 0013 | 488b 8424 | 0001 0000 | e913 0700 | 000f 1f80 | 0000 0000 

  0x000002515d3fd7c8: ;   {no_reloc}
  0x000002515d3fd7c8: e993 0600 | 0000 0000 | 0000 498b | 87b8 0100 | 0048 8d78 | 2849 3bbf | c801 0000 | 0f87 8006 
  0x000002515d3fd7e8: 0000 4989 | bfb8 0100 | 0048 c700 | 0100 0000 | 488b ca49 | ba00 0000 | 0051 0200 | 0049 2bca 
  0x000002515d3fd808: 8948 0848 | 33c9 8948 | 0c48 33c9 | 4889 4810 | 4889 4818 | 4889 4820 

  0x000002515d3fd820: ;   {metadata(method data for {method} {0x000002510019cf00} 'invoke' '(Ljava/lang/Object;[Ljava/lang/Object;)Ljava/lang/Object;' in 'jdk/internal/reflect/DirectMethodHandleAccessor')}
  0x000002515d3fd820: 4c8b c048 | bac8 5b39 | 7351 0200 | 0048 8382 | b802 0000 | 014c 8b84 | 24e8 0000 | 0048 8bd0 
  0x000002515d3fd840: 4889 8424 | 0801 0000 | 0f1f 8000 

  0x000002515d3fd84c: ;   {optimized virtual_call}
  0x000002515d3fd84c: 0000 00e8 

  0x000002515d3fd850: ; ImmutableOopMap {[264]=Oop }
                      ;*invokespecial <init> {reexecute=0 rethrow=0 return_oop=0}
                      ; - jdk.internal.reflect.DirectMethodHandleAccessor::invoke@69
  0x000002515d3fd850: 2c0f 2e07 

  0x000002515d3fd854: ;   {other}
  0x000002515d3fd854: 0f1f 8400 | 4420 0014 | 488b 8424 | 0801 0000 | e96b 0600 | 004c 8b84 | 24e8 0000 

  0x000002515d3fd870: ;   {metadata('java/lang/reflect/InvocationTargetException')}
  0x000002515d3fd870: 0048 ba28 | 4c04 0151 | 0200 0049 | 8b87 b801 | 0000 488d | 7828 493b | bfc8 0100 | 000f 87e4 
  0x000002515d3fd890: 0500 0049 | 89bf b801 | 0000 48c7 | 0001 0000 | 0048 8bca | 49ba 0000 | 0000 5102 | 0000 492b 
  0x000002515d3fd8b0: ca89 4808 | 4833 c989 | 480c 4833 | c948 8948 | 1048 8948 | 1848 8948 | 2048 8bd0 

  0x000002515d3fd8cc: ;   {metadata(method data for {method} {0x000002510019cf00} 'invoke' '(Ljava/lang/Object;[Ljava/lang/Object;)Ljava/lang/Object;' in 'jdk/internal/reflect/DirectMethodHandleAccessor')}
  0x000002515d3fd8cc: 48be c85b | 3973 5102 | 0000 4883 | 86c8 0200 | 0001 488b | d048 8984 | 2410 0100 | 0066 0f1f 
  0x000002515d3fd8ec: ;   {optimized virtual_call}
  0x000002515d3fd8ec: 4400 00e8 

  0x000002515d3fd8f0: ; ImmutableOopMap {[272]=Oop }
                      ;*invokespecial <init> {reexecute=0 rethrow=0 return_oop=0}
                      ; - jdk.internal.reflect.DirectMethodHandleAccessor::invoke@78
  0x000002515d3fd8f0: 8c0e 2e07 

  0x000002515d3fd8f4: ;   {other}
  0x000002515d3fd8f4: 0f1f 8400 | e420 0015 | 488b 8424 | 1001 0000 | e9cb 0500 | 000f 1f80 | 0000 0000 

  0x000002515d3fd910: ;   {no_reloc}
  0x000002515d3fd910: e97e 0500 | 0000 0000 | 0000 498b | 87b8 0100 | 0048 8d78 | 2849 3bbf | c801 0000 | 0f87 6b05 
  0x000002515d3fd930: 0000 4989 | bfb8 0100 | 0048 c700 | 0100 0000 | 488b ca49 | ba00 0000 | 0051 0200 | 0049 2bca 
  0x000002515d3fd950: 8948 0848 | 33c9 8948 | 0c48 33c9 | 4889 4810 | 4889 4818 | 4889 4820 

  0x000002515d3fd968: ;   {metadata(method data for {method} {0x00000251003c86d0} 'checkReceiver' '(Ljava/lang/Object;)V' in 'jdk/internal/reflect/DirectMethodHandleAccessor')}
  0x000002515d3fd968: 488b d048 | be18 6339 | 7351 0200 | 0048 8386 | a001 0000 

  0x000002515d3fd97c: ;   {oop("object is not an instance of declaring class"{0x0000000080002300})}
  0x000002515d3fd97c: 0149 b800 | 2300 8000 | 0000 0048 | 8bd0 4889 | 8424 1801 | 0000 0f1f 

  0x000002515d3fd994: ;   {optimized virtual_call}
  0x000002515d3fd994: 4400 00e8 

  0x000002515d3fd998: ; ImmutableOopMap {[168]=Oop [176]=Oop [184]=Oop [280]=Oop }
                      ;*invokespecial <init> {reexecute=0 rethrow=0 return_oop=0}
                      ; - jdk.internal.reflect.DirectMethodHandleAccessor::checkReceiver@20
                      ; - jdk.internal.reflect.DirectMethodHandleAccessor::invoke@9
  0x000002515d3fd998: e40d 2e07 

  0x000002515d3fd99c: ;   {other}
  0x000002515d3fd99c: 0f1f 8400 | 8c21 0016 | 488b 8424 | 1801 0000 | e923 0500 | 0049 8b87 | 0005 0000 | 4d33 d24d 
  0x000002515d3fd9bc: 8997 0005 | 0000 4d33 | d24d 8997 | 0805 0000 

  0x000002515d3fd9cc: ;   {metadata('java/lang/reflect/InvocationTargetException')}
  0x000002515d3fd9cc: 4c8b c048 | ba28 4c04 | 0151 0200 | 0049 8b87 | b801 0000 | 488d 7828 | 493b bfc8 | 0100 000f 
  0x000002515d3fd9ec: 87b9 0400 | 0049 89bf | b801 0000 | 48c7 0001 | 0000 0048 | 8bca 49ba | 0000 0000 | 5102 0000 
  0x000002515d3fda0c: 492b ca89 | 4808 4833 | c989 480c | 4833 c948 | 8948 1048 | 8948 1848 | 8948 2048 

  0x000002515d3fda28: ;   {metadata(method data for {method} {0x000002510019cf00} 'invoke' '(Ljava/lang/Object;[Ljava/lang/Object;)Ljava/lang/Object;' in 'jdk/internal/reflect/DirectMethodHandleAccessor')}
  0x000002515d3fda28: 8bd0 48be | c85b 3973 | 5102 0000 | 4883 86d8 | 0200 0001 | 488b d048 | 8984 2420 

  0x000002515d3fda44: ;   {optimized virtual_call}
  0x000002515d3fda44: 0100 00e8 

  0x000002515d3fda48: ; ImmutableOopMap {[288]=Oop }
                      ;*invokespecial <init> {reexecute=0 rethrow=0 return_oop=0}
                      ; - jdk.internal.reflect.DirectMethodHandleAccessor::invoke@88
  0x000002515d3fda48: 340d 2e07 

  0x000002515d3fda4c: ;   {other}
  0x000002515d3fda4c: 0f1f 8400 | 3c22 0017 | 488b 8424 | 2001 0000 | e973 0400 

  0x000002515d3fda60: ;   {metadata({method} {0x000002510019cf00} 'invoke' '(Ljava/lang/Object;[Ljava/lang/Object;)Ljava/lang/Object;' in 'jdk/internal/reflect/DirectMethodHandleAccessor')}
  0x000002515d3fda60: 0049 baf8 | ce19 0051 | 0200 004c | 8954 2408 | 48c7 0424 | ffff ffff 

  0x000002515d3fda78: ;   {runtime_call counter_overflow Runtime1 stub}
  0x000002515d3fda78: e803 9a39 

  0x000002515d3fda7c: ; ImmutableOopMap {rdx=Oop r8=Oop r9=Oop [168]=Oop [176]=Oop [184]=Oop }
                      ;*synchronization entry
                      ; - jdk.internal.reflect.DirectMethodHandleAccessor::invoke@-1
  0x000002515d3fda7c: 07e9 7ce2 

  0x000002515d3fda80: ;   {metadata({method} {0x00000251003c8780} 'isStatic' '()Z' in 'jdk/internal/reflect/DirectMethodHandleAccessor')}
  0x000002515d3fda80: ffff 49ba | 7887 3c00 | 5102 0000 | 4c89 5424 | 0848 c704 | 24ff ffff 

  0x000002515d3fda98: ;   {runtime_call counter_overflow Runtime1 stub}
  0x000002515d3fda98: ffe8 e299 

  0x000002515d3fda9c: ; ImmutableOopMap {rdx=Oop r8=Oop r9=Oop [168]=Oop [176]=Oop [184]=Oop }
                      ;*synchronization entry
                      ; - jdk.internal.reflect.DirectMethodHandleAccessor::isStatic@-1
                      ; - jdk.internal.reflect.DirectMethodHandleAccessor::invoke@1
  0x000002515d3fda9c: 3907 e997 

  0x000002515d3fdaa0: ;   {metadata({method} {0x00000251003c86d0} 'checkReceiver' '(Ljava/lang/Object;)V' in 'jdk/internal/reflect/DirectMethodHandleAccessor')}
  0x000002515d3fdaa0: e2ff ff49 | bac8 863c | 0051 0200 | 004c 8954 | 2408 48c7 | 0424 ffff 

  0x000002515d3fdab8: ;   {runtime_call counter_overflow Runtime1 stub}
  0x000002515d3fdab8: ffff e8c1 

  0x000002515d3fdabc: ; ImmutableOopMap {rdx=Oop r8=Oop [168]=Oop [176]=Oop [184]=Oop }
                      ;*synchronization entry
                      ; - jdk.internal.reflect.DirectMethodHandleAccessor::checkReceiver@-1
                      ; - jdk.internal.reflect.DirectMethodHandleAccessor::invoke@9
  0x000002515d3fdabc: 9939 07e9 | 3de3 ffff 

  0x000002515d3fdac4: ;   {runtime_call throw_null_pointer_exception Runtime1 stub}
  0x000002515d3fdac4: e837 4530 

  0x000002515d3fdac8: ; ImmutableOopMap {rdx=Oop r8=Oop rsi=Oop [168]=Oop [176]=Oop [184]=Oop }
                      ;*invokevirtual getClass {reexecute=0 rethrow=0 return_oop=0}
                      ; - jdk.internal.reflect.DirectMethodHandleAccessor::checkReceiver@5
                      ; - jdk.internal.reflect.DirectMethodHandleAccessor::invoke@9
                      ;   {runtime_call throw_null_pointer_exception Runtime1 stub}
  0x000002515d3fdac8: 07e8 3245 

  0x000002515d3fdacc: ; ImmutableOopMap {rdx=Oop r8=Oop rsi=Oop rdi=Oop [168]=Oop [176]=Oop [184]=Oop }
                      ;*invokevirtual isAssignableFrom {reexecute=0 rethrow=0 return_oop=0}
                      ; - jdk.internal.reflect.DirectMethodHandleAccessor::checkReceiver@8
                      ; - jdk.internal.reflect.DirectMethodHandleAccessor::invoke@9
                      ;   {metadata({method} {0x00000251003c8518} 'invokeImpl' '(Ljava/lang/Object;[Ljava/lang/Object;)Ljava/lang/Object;' in 'jdk/internal/reflect/DirectMethodHandleAccessor')}
  0x000002515d3fdacc: 3007 49ba | 1085 3c00 | 5102 0000 | 4c89 5424 | 0848 c704 | 24ff ffff 

  0x000002515d3fdae4: ;   {runtime_call counter_overflow Runtime1 stub}
  0x000002515d3fdae4: ffe8 9699 

  0x000002515d3fdae8: ; ImmutableOopMap {rdx=Oop [168]=Oop [176]=Oop [184]=Oop }
                      ;*synchronization entry
                      ; - jdk.internal.reflect.DirectMethodHandleAccessor::invokeImpl@-1
                      ; - jdk.internal.reflect.DirectMethodHandleAccessor::invoke@23
  0x000002515d3fdae8: 3907 e921 

  0x000002515d3fdaec: ;   {metadata({method} {0x00000251000ae518} 'invokeExact_MT' '(Ljava/lang/Object;Ljava/lang/Object;Ljava/lang/Object;Ljava/lang/Object;)Ljava/lang/Object;' in 'java/lang/invoke/Invokers$Holder')}
  0x000002515d3fdaec: e4ff ff49 | ba10 e50a | 0051 0200 | 004c 8954 | 2408 48c7 | 0424 ffff 

  0x000002515d3fdb04: ;   {runtime_call counter_overflow Runtime1 stub}
  0x000002515d3fdb04: ffff e875 

  0x000002515d3fdb08: ; ImmutableOopMap {rdx=Oop r8=Oop rsi=Oop [168]=Oop [176]=Oop [184]=Oop [192]=Oop }
                      ;*synchronization entry
                      ; - java.lang.invoke.Invokers$Holder::invokeExact_MT@-1
                      ; - jdk.internal.reflect.DirectMethodHandleAccessor::invokeImpl@104
                      ; - jdk.internal.reflect.DirectMethodHandleAccessor::invoke@23
  0x000002515d3fdb08: 9939 07e9 | 0ce6 ffff 

  0x000002515d3fdb10: ;   {metadata({method} {0x00000251003dc408} 'checkExactType' '(Ljava/lang/invoke/MethodHandle;Ljava/lang/invoke/MethodType;)V' in 'java/lang/invoke/Invokers')}
  0x000002515d3fdb10: 49ba 00c4 | 3d00 5102 | 0000 4c89 | 5424 0848 | c704 24ff 

  0x000002515d3fdb24: ;   {runtime_call counter_overflow Runtime1 stub}
  0x000002515d3fdb24: ffff ffe8 

  0x000002515d3fdb28: ; ImmutableOopMap {rdx=Oop r8=Oop rsi=Oop rbx=Oop [168]=Oop [176]=Oop [184]=Oop [192]=Oop }
                      ;*synchronization entry
                      ; - java.lang.invoke.Invokers::checkExactType@-1
                      ; - java.lang.invoke.Invokers$Holder::invokeExact_MT@10
                      ; - jdk.internal.reflect.DirectMethodHandleAccessor::invokeImpl@104
                      ; - jdk.internal.reflect.DirectMethodHandleAccessor::invoke@23
  0x000002515d3fdb28: 5499 3907 | e9ac e6ff 

  0x000002515d3fdb30: ;   {runtime_call throw_null_pointer_exception Runtime1 stub}
  0x000002515d3fdb30: ffe8 ca44 

  0x000002515d3fdb34: ; ImmutableOopMap {rdx=Oop r8=Oop rsi=Oop rbx=Oop [168]=Oop [176]=Oop [184]=Oop [192]=Oop }
                      ;*invokevirtual type {reexecute=0 rethrow=0 return_oop=0}
                      ; - java.lang.invoke.Invokers::checkExactType@1
                      ; - java.lang.invoke.Invokers$Holder::invokeExact_MT@10
                      ; - jdk.internal.reflect.DirectMethodHandleAccessor::invokeImpl@104
                      ; - jdk.internal.reflect.DirectMethodHandleAccessor::invoke@23
                      ;   {metadata({method} {0x00000251003dc300} 'checkCustomized' '(Ljava/lang/invoke/MethodHandle;)V' in 'java/lang/invoke/Invokers')}
  0x000002515d3fdb34: 3007 49ba | f8c2 3d00 | 5102 0000 | 4c89 5424 | 0848 c704 | 24ff ffff 

  0x000002515d3fdb4c: ;   {runtime_call counter_overflow Runtime1 stub}
  0x000002515d3fdb4c: ffe8 2e99 

  0x000002515d3fdb50: ; ImmutableOopMap {rdx=Oop r8=Oop rsi=Oop [168]=Oop [176]=Oop [184]=Oop [192]=Oop }
                      ;*synchronization entry
                      ; - java.lang.invoke.Invokers::checkCustomized@-1
                      ; - java.lang.invoke.Invokers$Holder::invokeExact_MT@14
                      ; - jdk.internal.reflect.DirectMethodHandleAccessor::invokeImpl@104
                      ; - jdk.internal.reflect.DirectMethodHandleAccessor::invoke@23
  0x000002515d3fdb50: 3907 e9e2 

  0x000002515d3fdb54: ;   {metadata({method} {0x00000251000944d8} 'isCompileConstant' '(Ljava/lang/Object;)Z' in 'java/lang/invoke/MethodHandleImpl')}
  0x000002515d3fdb54: e7ff ff49 | bad0 4409 | 0051 0200 | 004c 8954 | 2408 48c7 | 0424 ffff 

  0x000002515d3fdb6c: ;   {runtime_call counter_overflow Runtime1 stub}
  0x000002515d3fdb6c: ffff e80d 

  0x000002515d3fdb70: ; ImmutableOopMap {rdx=Oop r8=Oop rsi=Oop [168]=Oop [176]=Oop [184]=Oop [192]=Oop }
                      ;*synchronization entry
                      ; - java.lang.invoke.MethodHandleImpl::isCompileConstant@-1
                      ; - java.lang.invoke.Invokers::checkCustomized@1
                      ; - java.lang.invoke.Invokers$Holder::invokeExact_MT@14
                      ; - jdk.internal.reflect.DirectMethodHandleAccessor::invokeImpl@104
                      ; - jdk.internal.reflect.DirectMethodHandleAccessor::invoke@23
  0x000002515d3fdb70: 9939 07e9 | fae7 ffff 

  0x000002515d3fdb78: ;   {runtime_call throw_null_pointer_exception Runtime1 stub}
  0x000002515d3fdb78: e883 4430 

  0x000002515d3fdb7c: ; ImmutableOopMap {rdx=Oop r8=Oop rsi=Oop [168]=Oop [176]=Oop [184]=Oop [192]=Oop }
                      ;*getfield customized {reexecute=1 rethrow=0 return_oop=0}
                      ; - (reexecute) java.lang.invoke.Invokers::checkCustomized@12
                      ; - java.lang.invoke.Invokers$Holder::invokeExact_MT@14
                      ; - jdk.internal.reflect.DirectMethodHandleAccessor::invokeImpl@104
                      ; - jdk.internal.reflect.DirectMethodHandleAccessor::invoke@23
                      ;   {internal_word}
  0x000002515d3fdb7c: 0749 bac8 | c53f 5d51 | 0200 004d | 8997 6804 

  0x000002515d3fdb8c: ;   {runtime_call SafepointBlob}
  0x000002515d3fdb8c: 0000 e96d 

  0x000002515d3fdb90: ;   {runtime_call throw_null_pointer_exception Runtime1 stub}
  0x000002515d3fdb90: 6f2e 07e8 

  0x000002515d3fdb94: ; ImmutableOopMap {rdx=Oop r8=Oop r9=Oop rbx=Oop [168]=Oop [176]=Oop [184]=Oop }
                      ;*aaload {reexecute=0 rethrow=0 return_oop=0}
                      ; - jdk.internal.reflect.DirectMethodHandleAccessor::invokeImpl@85
                      ; - jdk.internal.reflect.DirectMethodHandleAccessor::invoke@23
  0x000002515d3fdb94: 6844 3007 

  0x000002515d3fdb98: ;   {runtime_call throw_null_pointer_exception Runtime1 stub}
  0x000002515d3fdb98: e863 4430 

  0x000002515d3fdb9c: ; ImmutableOopMap {rdx=Oop r8=Oop r9=Oop rbx=Oop [168]=Oop [176]=Oop [184]=Oop }
                      ;*aaload {reexecute=0 rethrow=0 return_oop=0}
                      ; - jdk.internal.reflect.DirectMethodHandleAccessor::invokeImpl@85
                      ; - jdk.internal.reflect.DirectMethodHandleAccessor::invoke@23
  0x000002515d3fdb9c: 0748 c704 | 2400 0000 | 004c 894c 

  0x000002515d3fdba8: ;   {runtime_call throw_range_check_failed Runtime1 stub}
  0x000002515d3fdba8: 2408 e851 

  0x000002515d3fdbac: ; ImmutableOopMap {rdx=Oop r8=Oop r9=Oop rbx=Oop [168]=Oop [176]=Oop [184]=Oop }
                      ;*aaload {reexecute=0 rethrow=0 return_oop=0}
                      ; - jdk.internal.reflect.DirectMethodHandleAccessor::invokeImpl@85
                      ; - jdk.internal.reflect.DirectMethodHandleAccessor::invoke@23
  0x000002515d3fdbac: 4d30 0748 | c704 2401 | 0000 004c | 894c 2408 

  0x000002515d3fdbbc: ;   {runtime_call throw_range_check_failed Runtime1 stub}
  0x000002515d3fdbbc: e83f 4d30 

  0x000002515d3fdbc0: ; ImmutableOopMap {rdx=Oop r8=Oop r9=Oop rbx=Oop rdi=Oop [168]=Oop [176]=Oop [184]=Oop }
                      ;*aaload {reexecute=0 rethrow=0 return_oop=0}
                      ; - jdk.internal.reflect.DirectMethodHandleAccessor::invokeImpl@88
                      ; - jdk.internal.reflect.DirectMethodHandleAccessor::invoke@23
  0x000002515d3fdbc0: 0748 c704 | 2402 0000 | 004c 894c 

  0x000002515d3fdbcc: ;   {runtime_call throw_range_check_failed Runtime1 stub}
  0x000002515d3fdbcc: 2408 e82d 

  0x000002515d3fdbd0: ; ImmutableOopMap {rdx=Oop r8=Oop r9=Oop rbx=Oop rdi=Oop rsi=Oop [168]=Oop [176]=Oop [184]=Oop }
                      ;*aaload {reexecute=0 rethrow=0 return_oop=0}
                      ; - jdk.internal.reflect.DirectMethodHandleAccessor::invokeImpl@91
                      ; - jdk.internal.reflect.DirectMethodHandleAccessor::invoke@23
  0x000002515d3fdbd0: 4d30 0748 | b820 a129 | d700 0000 | 00b8 000f 

  0x000002515d3fdbe0: ;   {runtime_call load_appendix_patching Runtime1 stub}
  0x000002515d3fdbe0: 050a e899 

  0x000002515d3fdbe4: ; ImmutableOopMap {rdx=Oop r8=Oop rbx=Oop rdi=Oop rsi=Oop rcx=Oop [168]=Oop [184]=Oop }
                      ;*invokevirtual invokeExact {reexecute=1 rethrow=0 return_oop=0}
                      ; - (reexecute) jdk.internal.reflect.DirectMethodHandleAccessor::invokeImpl@92
                      ; - jdk.internal.reflect.DirectMethodHandleAccessor::invoke@23
  0x000002515d3fdbe4: 5039 07e9 | 2cea ffff 

  0x000002515d3fdbec: ;   {runtime_call throw_null_pointer_exception Runtime1 stub}
  0x000002515d3fdbec: e80f 4430 

  0x000002515d3fdbf0: ; ImmutableOopMap {rdx=Oop r8=Oop rbx=Oop rdi=Oop rsi=Oop rcx=Oop rax=Oop [168]=Oop [184]=Oop }
                      ;*invokevirtual invokeExact {reexecute=0 rethrow=0 return_oop=0}
                      ; - jdk.internal.reflect.DirectMethodHandleAccessor::invokeImpl@92
                      ; - jdk.internal.reflect.DirectMethodHandleAccessor::invoke@23
                      ;   {internal_word}
  0x000002515d3fdbf0: 0749 ba2c | c83f 5d51 | 0200 004d | 8997 6804 

  0x000002515d3fdc00: ;   {runtime_call SafepointBlob}
  0x000002515d3fdc00: 0000 e9f9 

  0x000002515d3fdc04: ;   {runtime_call throw_null_pointer_exception Runtime1 stub}
  0x000002515d3fdc04: 6e2e 07e8 

  0x000002515d3fdc08: ; ImmutableOopMap {rdx=Oop r9=Oop r8=Oop rsi=Oop [168]=Oop [176]=Oop [184]=Oop [208]=Oop }
                      ;*aaload {reexecute=0 rethrow=0 return_oop=0}
                      ; - jdk.internal.reflect.DirectMethodHandleAccessor::invokeImpl@68
                      ; - jdk.internal.reflect.DirectMethodHandleAccessor::invoke@23
  0x000002515d3fdc08: f443 3007 

  0x000002515d3fdc0c: ;   {runtime_call throw_null_pointer_exception Runtime1 stub}
  0x000002515d3fdc0c: e8ef 4330 

  0x000002515d3fdc10: ; ImmutableOopMap {rdx=Oop r9=Oop r8=Oop rsi=Oop [168]=Oop [176]=Oop [184]=Oop [208]=Oop }
                      ;*aaload {reexecute=0 rethrow=0 return_oop=0}
                      ; - jdk.internal.reflect.DirectMethodHandleAccessor::invokeImpl@68
                      ; - jdk.internal.reflect.DirectMethodHandleAccessor::invoke@23
  0x000002515d3fdc10: 0748 c704 | 2400 0000 | 004c 894c 

  0x000002515d3fdc1c: ;   {runtime_call throw_range_check_failed Runtime1 stub}
  0x000002515d3fdc1c: 2408 e8dd 

  0x000002515d3fdc20: ; ImmutableOopMap {rdx=Oop r9=Oop r8=Oop rsi=Oop [168]=Oop [176]=Oop [184]=Oop [208]=Oop }
                      ;*aaload {reexecute=0 rethrow=0 return_oop=0}
                      ; - jdk.internal.reflect.DirectMethodHandleAccessor::invokeImpl@68
                      ; - jdk.internal.reflect.DirectMethodHandleAccessor::invoke@23
  0x000002515d3fdc20: 4c30 0748 | c704 2401 | 0000 004c | 894c 2408 

  0x000002515d3fdc30: ;   {runtime_call throw_range_check_failed Runtime1 stub}
  0x000002515d3fdc30: e8cb 4c30 

  0x000002515d3fdc34: ; ImmutableOopMap {rdx=Oop r9=Oop r8=Oop rsi=Oop rdi=Oop [168]=Oop [176]=Oop [184]=Oop [200]=Oop [208]=Oop }
                      ;*aaload {reexecute=0 rethrow=0 return_oop=0}
                      ; - jdk.internal.reflect.DirectMethodHandleAccessor::invokeImpl@71
                      ; - jdk.internal.reflect.DirectMethodHandleAccessor::invoke@23
                      ;   {metadata({method} {0x0000025173405ab8} 'invokeExact_MT' '(Ljava/lang/Object;Ljava/lang/Object;Ljava/lang/Object;Ljava/lang/Object;Ljava/lang/Object;)Ljava/lang/Object;' in 'java/lang/invoke/LambdaForm$MH+0x0000025101002c00')}
  0x000002515d3fdc34: 0749 bab0 | 5a40 7351 | 0200 004c | 8954 2408 | 48c7 0424 | ffff ffff 

  0x000002515d3fdc4c: ;   {runtime_call counter_overflow Runtime1 stub}
  0x000002515d3fdc4c: e82f 9839 

  0x000002515d3fdc50: ; ImmutableOopMap {rdx=Oop r8=Oop rsi=Oop rdi=Oop rbx=Oop [168]=Oop [184]=Oop [200]=Oop [208]=Oop [216]=Oop }
                      ;*synchronization entry
                      ; - java.lang.invoke.LambdaForm$MH/0x0000025101002c00::invokeExact_MT@-1
                      ; - jdk.internal.reflect.DirectMethodHandleAccessor::invokeImpl@72
                      ; - jdk.internal.reflect.DirectMethodHandleAccessor::invoke@23
  0x000002515d3fdc50: 07e9 9aed 

  0x000002515d3fdc54: ;   {metadata({method} {0x00000251003dc408} 'checkExactType' '(Ljava/lang/invoke/MethodHandle;Ljava/lang/invoke/MethodType;)V' in 'java/lang/invoke/Invokers')}
  0x000002515d3fdc54: ffff 49ba | 00c4 3d00 | 5102 0000 | 4c89 5424 | 0848 c704 | 24ff ffff 

  0x000002515d3fdc6c: ;   {runtime_call counter_overflow Runtime1 stub}
  0x000002515d3fdc6c: ffe8 0e98 

  0x000002515d3fdc70: ; ImmutableOopMap {rdx=Oop r8=Oop rsi=Oop rdi=Oop rbx=Oop rcx=Oop [168]=Oop [184]=Oop [200]=Oop [208]=Oop [216]=Oop }
                      ;*synchronization entry
                      ; - java.lang.invoke.Invokers::checkExactType@-1
                      ; - java.lang.invoke.LambdaForm$MH/0x0000025101002c00::invokeExact_MT@11
                      ; - jdk.internal.reflect.DirectMethodHandleAccessor::invokeImpl@72
                      ; - jdk.internal.reflect.DirectMethodHandleAccessor::invoke@23
  0x000002515d3fdc70: 3907 e940 

  0x000002515d3fdc74: ;   {runtime_call throw_null_pointer_exception Runtime1 stub}
  0x000002515d3fdc74: eeff ffe8 

  0x000002515d3fdc78: ; ImmutableOopMap {rdx=Oop r8=Oop rsi=Oop rdi=Oop rbx=Oop rcx=Oop [168]=Oop [184]=Oop [200]=Oop [208]=Oop [216]=Oop }
                      ;*invokevirtual type {reexecute=0 rethrow=0 return_oop=0}
                      ; - java.lang.invoke.Invokers::checkExactType@1
                      ; - java.lang.invoke.LambdaForm$MH/0x0000025101002c00::invokeExact_MT@11
                      ; - jdk.internal.reflect.DirectMethodHandleAccessor::invokeImpl@72
                      ; - jdk.internal.reflect.DirectMethodHandleAccessor::invoke@23
  0x000002515d3fdc78: 8443 3007 

  0x000002515d3fdc7c: ;   {metadata({method} {0x00000251003dc300} 'checkCustomized' '(Ljava/lang/invoke/MethodHandle;)V' in 'java/lang/invoke/Invokers')}
  0x000002515d3fdc7c: 49ba f8c2 | 3d00 5102 | 0000 4c89 | 5424 0848 | c704 24ff 

  0x000002515d3fdc90: ;   {runtime_call counter_overflow Runtime1 stub}
  0x000002515d3fdc90: ffff ffe8 

  0x000002515d3fdc94: ; ImmutableOopMap {rdx=Oop r8=Oop rsi=Oop rdi=Oop rbx=Oop [168]=Oop [184]=Oop [200]=Oop [208]=Oop [216]=Oop }
                      ;*synchronization entry
                      ; - java.lang.invoke.Invokers::checkCustomized@-1
                      ; - java.lang.invoke.LambdaForm$MH/0x0000025101002c00::invokeExact_MT@15
                      ; - jdk.internal.reflect.DirectMethodHandleAccessor::invokeImpl@72
                      ; - jdk.internal.reflect.DirectMethodHandleAccessor::invoke@23
  0x000002515d3fdc94: e897 3907 | e976 efff 

  0x000002515d3fdc9c: ;   {metadata({method} {0x00000251000944d8} 'isCompileConstant' '(Ljava/lang/Object;)Z' in 'java/lang/invoke/MethodHandleImpl')}
  0x000002515d3fdc9c: ff49 bad0 | 4409 0051 | 0200 004c | 8954 2408 | 48c7 0424 | ffff ffff 

  0x000002515d3fdcb4: ;   {runtime_call counter_overflow Runtime1 stub}
  0x000002515d3fdcb4: e8c7 9739 

  0x000002515d3fdcb8: ; ImmutableOopMap {rdx=Oop r8=Oop rsi=Oop rdi=Oop rbx=Oop [168]=Oop [184]=Oop [200]=Oop [208]=Oop [216]=Oop }
                      ;*synchronization entry
                      ; - java.lang.invoke.MethodHandleImpl::isCompileConstant@-1
                      ; - java.lang.invoke.Invokers::checkCustomized@1
                      ; - java.lang.invoke.LambdaForm$MH/0x0000025101002c00::invokeExact_MT@15
                      ; - jdk.internal.reflect.DirectMethodHandleAccessor::invokeImpl@72
                      ; - jdk.internal.reflect.DirectMethodHandleAccessor::invoke@23
  0x000002515d3fdcb8: 07e9 8eef 

  0x000002515d3fdcbc: ;   {runtime_call throw_null_pointer_exception Runtime1 stub}
  0x000002515d3fdcbc: ffff e83d 

  0x000002515d3fdcc0: ; ImmutableOopMap {rdx=Oop r8=Oop rsi=Oop rdi=Oop rbx=Oop [168]=Oop [184]=Oop [200]=Oop [208]=Oop [216]=Oop }
                      ;*getfield customized {reexecute=1 rethrow=0 return_oop=0}
                      ; - (reexecute) java.lang.invoke.Invokers::checkCustomized@12
                      ; - java.lang.invoke.LambdaForm$MH/0x0000025101002c00::invokeExact_MT@15
                      ; - jdk.internal.reflect.DirectMethodHandleAccessor::invokeImpl@72
                      ; - jdk.internal.reflect.DirectMethodHandleAccessor::invoke@23
                      ;   {internal_word}
  0x000002515d3fdcc0: 4330 0749 | bab9 ce3f | 5d51 0200 | 004d 8997 | 6804 0000 

  0x000002515d3fdcd4: ;   {runtime_call SafepointBlob}
  0x000002515d3fdcd4: e927 6e2e 

  0x000002515d3fdcd8: ;   {runtime_call throw_null_pointer_exception Runtime1 stub}
  0x000002515d3fdcd8: 07e8 2243 

  0x000002515d3fdcdc: ; ImmutableOopMap {rdx=Oop r9=Oop r8=Oop rsi=Oop [168]=Oop [176]=Oop [184]=Oop }
                      ;*aaload {reexecute=0 rethrow=0 return_oop=0}
                      ; - jdk.internal.reflect.DirectMethodHandleAccessor::invokeImpl@54
                      ; - jdk.internal.reflect.DirectMethodHandleAccessor::invoke@23
                      ;   {runtime_call throw_null_pointer_exception Runtime1 stub}
  0x000002515d3fdcdc: 3007 e81d 

  0x000002515d3fdce0: ; ImmutableOopMap {rdx=Oop r9=Oop r8=Oop rsi=Oop [168]=Oop [176]=Oop [184]=Oop }
                      ;*aaload {reexecute=0 rethrow=0 return_oop=0}
                      ; - jdk.internal.reflect.DirectMethodHandleAccessor::invokeImpl@54
                      ; - jdk.internal.reflect.DirectMethodHandleAccessor::invoke@23
  0x000002515d3fdce0: 4330 0748 | c704 2400 | 0000 004c | 894c 2408 

  0x000002515d3fdcf0: ;   {runtime_call throw_range_check_failed Runtime1 stub}
  0x000002515d3fdcf0: e80b 4c30 

  0x000002515d3fdcf4: ; ImmutableOopMap {rdx=Oop r9=Oop r8=Oop rsi=Oop [168]=Oop [176]=Oop [184]=Oop }
                      ;*aaload {reexecute=0 rethrow=0 return_oop=0}
                      ; - jdk.internal.reflect.DirectMethodHandleAccessor::invokeImpl@54
                      ; - jdk.internal.reflect.DirectMethodHandleAccessor::invoke@23
  0x000002515d3fdcf4: 0748 bf00 | e9ec d600 | 0000 00b8 | 000f 050a 

  0x000002515d3fdd04: ;   {runtime_call load_appendix_patching Runtime1 stub}
  0x000002515d3fdd04: e877 4f39 

  0x000002515d3fdd08: ; ImmutableOopMap {rdx=Oop r8=Oop rsi=Oop r9=Oop [168]=Oop [184]=Oop }
                      ;*invokevirtual invokeExact {reexecute=1 rethrow=0 return_oop=0}
                      ; - (reexecute) jdk.internal.reflect.DirectMethodHandleAccessor::invokeImpl@55
                      ; - jdk.internal.reflect.DirectMethodHandleAccessor::invoke@23
  0x000002515d3fdd08: 07e9 e2f1 

  0x000002515d3fdd0c: ;   {runtime_call throw_null_pointer_exception Runtime1 stub}
  0x000002515d3fdd0c: ffff e8ed 

  0x000002515d3fdd10: ; ImmutableOopMap {rdx=Oop r8=Oop rsi=Oop r9=Oop rdi=Oop [168]=Oop [184]=Oop }
                      ;*invokevirtual invokeExact {reexecute=0 rethrow=0 return_oop=0}
                      ; - jdk.internal.reflect.DirectMethodHandleAccessor::invokeImpl@55
                      ; - jdk.internal.reflect.DirectMethodHandleAccessor::invoke@23
                      ;   {internal_word}
  0x000002515d3fdd10: 4230 0749 | baec d03f | 5d51 0200 | 004d 8997 | 6804 0000 

  0x000002515d3fdd24: ;   {runtime_call SafepointBlob}
  0x000002515d3fdd24: e9d7 6d2e 

  0x000002515d3fdd28: ;   {metadata({method} {0x00000251000ae5c8} 'invokeExact_MT' '(Ljava/lang/Object;Ljava/lang/Object;Ljava/lang/Object;)Ljava/lang/Object;' in 'java/lang/invoke/Invokers$Holder')}
  0x000002515d3fdd28: 0749 bac0 | e50a 0051 | 0200 004c | 8954 2408 | 48c7 0424 | ffff ffff 

  0x000002515d3fdd40: ;   {runtime_call counter_overflow Runtime1 stub}
  0x000002515d3fdd40: e83b 9739 

  0x000002515d3fdd44: ; ImmutableOopMap {rdx=Oop r8=Oop rsi=Oop [168]=Oop [184]=Oop [224]=Oop }
                      ;*synchronization entry
                      ; - java.lang.invoke.Invokers$Holder::invokeExact_MT@-1
                      ; - jdk.internal.reflect.DirectMethodHandleAccessor::invokeImpl@41
                      ; - jdk.internal.reflect.DirectMethodHandleAccessor::invoke@23
  0x000002515d3fdd44: 07e9 3ef4 

  0x000002515d3fdd48: ;   {metadata({method} {0x00000251003dc408} 'checkExactType' '(Ljava/lang/invoke/MethodHandle;Ljava/lang/invoke/MethodType;)V' in 'java/lang/invoke/Invokers')}
  0x000002515d3fdd48: ffff 49ba | 00c4 3d00 | 5102 0000 | 4c89 5424 | 0848 c704 | 24ff ffff 

  0x000002515d3fdd60: ;   {runtime_call counter_overflow Runtime1 stub}
  0x000002515d3fdd60: ffe8 1a97 

  0x000002515d3fdd64: ; ImmutableOopMap {rdx=Oop r8=Oop rsi=Oop rbx=Oop [168]=Oop [184]=Oop [224]=Oop }
                      ;*synchronization entry
                      ; - java.lang.invoke.Invokers::checkExactType@-1
                      ; - java.lang.invoke.Invokers$Holder::invokeExact_MT@10
                      ; - jdk.internal.reflect.DirectMethodHandleAccessor::invokeImpl@41
                      ; - jdk.internal.reflect.DirectMethodHandleAccessor::invoke@23
  0x000002515d3fdd64: 3907 e992 

  0x000002515d3fdd68: ;   {runtime_call throw_null_pointer_exception Runtime1 stub}
  0x000002515d3fdd68: f4ff ffe8 

  0x000002515d3fdd6c: ; ImmutableOopMap {rdx=Oop r8=Oop rsi=Oop rbx=Oop [168]=Oop [184]=Oop [224]=Oop }
                      ;*invokevirtual type {reexecute=0 rethrow=0 return_oop=0}
                      ; - java.lang.invoke.Invokers::checkExactType@1
                      ; - java.lang.invoke.Invokers$Holder::invokeExact_MT@10
                      ; - jdk.internal.reflect.DirectMethodHandleAccessor::invokeImpl@41
                      ; - jdk.internal.reflect.DirectMethodHandleAccessor::invoke@23
  0x000002515d3fdd6c: 9042 3007 

  0x000002515d3fdd70: ;   {metadata({method} {0x00000251003dc300} 'checkCustomized' '(Ljava/lang/invoke/MethodHandle;)V' in 'java/lang/invoke/Invokers')}
  0x000002515d3fdd70: 49ba f8c2 | 3d00 5102 | 0000 4c89 | 5424 0848 | c704 24ff 

  0x000002515d3fdd84: ;   {runtime_call counter_overflow Runtime1 stub}
  0x000002515d3fdd84: ffff ffe8 

  0x000002515d3fdd88: ; ImmutableOopMap {rdx=Oop r8=Oop rsi=Oop [168]=Oop [184]=Oop [224]=Oop }
                      ;*synchronization entry
                      ; - java.lang.invoke.Invokers::checkCustomized@-1
                      ; - java.lang.invoke.Invokers$Holder::invokeExact_MT@14
                      ; - jdk.internal.reflect.DirectMethodHandleAccessor::invokeImpl@41
                      ; - jdk.internal.reflect.DirectMethodHandleAccessor::invoke@23
  0x000002515d3fdd88: f496 3907 | e96d f5ff 

  0x000002515d3fdd90: ;   {metadata({method} {0x00000251000944d8} 'isCompileConstant' '(Ljava/lang/Object;)Z' in 'java/lang/invoke/MethodHandleImpl')}
  0x000002515d3fdd90: ff49 bad0 | 4409 0051 | 0200 004c | 8954 2408 | 48c7 0424 | ffff ffff 

  0x000002515d3fdda8: ;   {runtime_call counter_overflow Runtime1 stub}
  0x000002515d3fdda8: e8d3 9639 

  0x000002515d3fddac: ; ImmutableOopMap {rdx=Oop r8=Oop rsi=Oop [168]=Oop [184]=Oop [224]=Oop }
                      ;*synchronization entry
                      ; - java.lang.invoke.MethodHandleImpl::isCompileConstant@-1
                      ; - java.lang.invoke.Invokers::checkCustomized@1
                      ; - java.lang.invoke.Invokers$Holder::invokeExact_MT@14
                      ; - jdk.internal.reflect.DirectMethodHandleAccessor::invokeImpl@41
                      ; - jdk.internal.reflect.DirectMethodHandleAccessor::invoke@23
  0x000002515d3fddac: 07e9 85f5 

  0x000002515d3fddb0: ;   {runtime_call throw_null_pointer_exception Runtime1 stub}
  0x000002515d3fddb0: ffff e849 

  0x000002515d3fddb4: ; ImmutableOopMap {rdx=Oop r8=Oop rsi=Oop [168]=Oop [184]=Oop [224]=Oop }
                      ;*getfield customized {reexecute=1 rethrow=0 return_oop=0}
                      ; - (reexecute) java.lang.invoke.Invokers::checkCustomized@12
                      ; - java.lang.invoke.Invokers$Holder::invokeExact_MT@14
                      ; - jdk.internal.reflect.DirectMethodHandleAccessor::invokeImpl@41
                      ; - jdk.internal.reflect.DirectMethodHandleAccessor::invoke@23
                      ;   {internal_word}
  0x000002515d3fddb4: 4230 0749 | ba34 d43f | 5d51 0200 | 004d 8997 | 6804 0000 

  0x000002515d3fddc8: ;   {runtime_call SafepointBlob}
  0x000002515d3fddc8: e933 6d2e 

  0x000002515d3fddcc: ;   {runtime_call throw_null_pointer_exception Runtime1 stub}
  0x000002515d3fddcc: 07e8 2e42 

  0x000002515d3fddd0: ; ImmutableOopMap {rax=Oop [168]=Oop [184]=Oop [224]=Oop }
                      ;*athrow {reexecute=1 rethrow=0 return_oop=0}
                      ; - (reexecute) java.lang.invoke.Invokers::checkExactType@15
                      ; - java.lang.invoke.Invokers$Holder::invokeExact_MT@10
                      ; - jdk.internal.reflect.DirectMethodHandleAccessor::invokeImpl@41
                      ; - jdk.internal.reflect.DirectMethodHandleAccessor::invoke@23
                      ;   {runtime_call throw_null_pointer_exception Runtime1 stub}
  0x000002515d3fddd0: 3007 e829 

  0x000002515d3fddd4: ; ImmutableOopMap {rax=Oop [168]=Oop [184]=Oop [200]=Oop [208]=Oop [216]=Oop }
                      ;*athrow {reexecute=1 rethrow=0 return_oop=0}
                      ; - (reexecute) java.lang.invoke.Invokers::checkExactType@15
                      ; - java.lang.invoke.LambdaForm$MH/0x0000025101002c00::invokeExact_MT@11
                      ; - jdk.internal.reflect.DirectMethodHandleAccessor::invokeImpl@72
                      ; - jdk.internal.reflect.DirectMethodHandleAccessor::invoke@23
                      ;   {runtime_call throw_null_pointer_exception Runtime1 stub}
  0x000002515d3fddd4: 4230 07e8 

  0x000002515d3fddd8: ; ImmutableOopMap {rax=Oop [168]=Oop [176]=Oop [184]=Oop [192]=Oop }
                      ;*athrow {reexecute=1 rethrow=0 return_oop=0}
                      ; - (reexecute) java.lang.invoke.Invokers::checkExactType@15
                      ; - java.lang.invoke.Invokers$Holder::invokeExact_MT@10
                      ; - jdk.internal.reflect.DirectMethodHandleAccessor::invokeImpl@104
                      ; - jdk.internal.reflect.DirectMethodHandleAccessor::invoke@23
  0x000002515d3fddd8: 2442 3007 

  0x000002515d3fdddc: ;   {metadata({method} {0x00000251003c84c0} 'isIllegalArgument' '(Ljava/lang/RuntimeException;)Z' in 'jdk/internal/reflect/DirectMethodHandleAccessor')}
  0x000002515d3fdddc: 49ba b884 | 3c00 5102 | 0000 4c89 | 5424 0848 | c704 24ff 

  0x000002515d3fddf0: ;   {runtime_call counter_overflow Runtime1 stub}
  0x000002515d3fddf0: ffff ffe8 

  0x000002515d3fddf4: ; ImmutableOopMap {rax=Oop }
                      ;*synchronization entry
                      ; - jdk.internal.reflect.DirectMethodHandleAccessor::isIllegalArgument@-1
                      ; - jdk.internal.reflect.DirectMethodHandleAccessor::invoke@58
  0x000002515d3fddf4: 8896 3907 | e96b f7ff 

  0x000002515d3fddfc: ;   {metadata({method} {0x00000251003c84c0} 'isIllegalArgument' '(Ljava/lang/RuntimeException;)Z' in 'jdk/internal/reflect/DirectMethodHandleAccessor')}
  0x000002515d3fddfc: ff49 bab8 | 843c 0051 | 0200 004c | 8954 2408 | 48c7 0424 | ffff ffff 

  0x000002515d3fde14: ;   {runtime_call counter_overflow Runtime1 stub}
  0x000002515d3fde14: e867 9639 

  0x000002515d3fde18: ; ImmutableOopMap {rax=Oop }
                      ;*synchronization entry
                      ; - jdk.internal.reflect.DirectMethodHandleAccessor::isIllegalArgument@-1
                      ; - jdk.internal.reflect.DirectMethodHandleAccessor::invoke@30
  0x000002515d3fde18: 07e9 05f8 

  0x000002515d3fde1c: ;   {metadata(nullptr)}
  0x000002515d3fde1c: ffff 48ba | 0000 0000 | 0000 0000 | b800 0f05 

  0x000002515d3fde2c: ;   {runtime_call load_klass_patching Runtime1 stub}
  0x000002515d3fde2c: 0ae8 ce57 

  0x000002515d3fde30: ; ImmutableOopMap {}
                      ;*new {reexecute=1 rethrow=0 return_oop=0}
                      ; - (reexecute) jdk.internal.reflect.DirectMethodHandleAccessor::invoke@36
  0x000002515d3fde30: 3907 e949 | f8ff ff48 

  0x000002515d3fde38: ;   {runtime_call fast_new_instance Runtime1 stub}
  0x000002515d3fde38: 8bd2 e841 

  0x000002515d3fde3c: ; ImmutableOopMap {}
                      ;*new {reexecute=0 rethrow=0 return_oop=0}
                      ; - jdk.internal.reflect.DirectMethodHandleAccessor::invoke@36
  0x000002515d3fde3c: 4b39 07e9 | 94f8 ffff 

  0x000002515d3fde44: ;   {runtime_call fast_new_instance Runtime1 stub}
  0x000002515d3fde44: 488b d2e8 

  0x000002515d3fde48: ; ImmutableOopMap {r8=Oop }
                      ;*new {reexecute=0 rethrow=0 return_oop=0}
                      ; - jdk.internal.reflect.DirectMethodHandleAccessor::invoke@46
  0x000002515d3fde48: 344b 3907 | e930 f9ff 

  0x000002515d3fde50: ;   {metadata(nullptr)}
  0x000002515d3fde50: ff48 ba00 | 0000 0000 | 0000 00b8 | 000f 050a 

  0x000002515d3fde60: ;   {runtime_call load_klass_patching Runtime1 stub}
  0x000002515d3fde60: e89b 5739 

  0x000002515d3fde64: ; ImmutableOopMap {[232]=Oop }
                      ;*new {reexecute=1 rethrow=0 return_oop=0}
                      ; - (reexecute) jdk.internal.reflect.DirectMethodHandleAccessor::invoke@64
  0x000002515d3fde64: 07e9 5ef9 | ffff 488b 

  0x000002515d3fde6c: ;   {runtime_call fast_new_instance Runtime1 stub}
  0x000002515d3fde6c: d2e8 0e4b 

  0x000002515d3fde70: ; ImmutableOopMap {[232]=Oop }
                      ;*new {reexecute=0 rethrow=0 return_oop=0}
                      ; - jdk.internal.reflect.DirectMethodHandleAccessor::invoke@64
  0x000002515d3fde70: 3907 e9a9 | f9ff ff48 

  0x000002515d3fde78: ;   {runtime_call fast_new_instance Runtime1 stub}
  0x000002515d3fde78: 8bd2 e801 

  0x000002515d3fde7c: ; ImmutableOopMap {r8=Oop }
                      ;*new {reexecute=0 rethrow=0 return_oop=0}
                      ; - jdk.internal.reflect.DirectMethodHandleAccessor::invoke@73
  0x000002515d3fde7c: 4b39 07e9 | 45fa ffff 

  0x000002515d3fde84: ;   {metadata(nullptr)}
  0x000002515d3fde84: 48ba 0000 | 0000 0000 | 0000 b800 

  0x000002515d3fde90: ;   {runtime_call load_klass_patching Runtime1 stub}
  0x000002515d3fde90: 0f05 0ae8 

  0x000002515d3fde94: ; ImmutableOopMap {[168]=Oop [176]=Oop [184]=Oop }
                      ;*new {reexecute=1 rethrow=0 return_oop=0}
                      ; - (reexecute) jdk.internal.reflect.DirectMethodHandleAccessor::checkReceiver@14
                      ; - jdk.internal.reflect.DirectMethodHandleAccessor::invoke@9
  0x000002515d3fde94: 6857 3907 | e973 faff | ff48 8bd2 

  0x000002515d3fdea0: ;   {runtime_call fast_new_instance Runtime1 stub}
  0x000002515d3fdea0: e8db 4a39 

  0x000002515d3fdea4: ; ImmutableOopMap {[168]=Oop [176]=Oop [184]=Oop }
                      ;*new {reexecute=0 rethrow=0 return_oop=0}
                      ; - jdk.internal.reflect.DirectMethodHandleAccessor::checkReceiver@14
                      ; - jdk.internal.reflect.DirectMethodHandleAccessor::invoke@9
  0x000002515d3fdea4: 07e9 befa | ffff 488b 

  0x000002515d3fdeac: ;   {runtime_call fast_new_instance Runtime1 stub}
  0x000002515d3fdeac: d2e8 ce4a 

  0x000002515d3fdeb0: ; ImmutableOopMap {r8=Oop }
                      ;*new {reexecute=0 rethrow=0 return_oop=0}
                      ; - jdk.internal.reflect.DirectMethodHandleAccessor::invoke@83
  0x000002515d3fdeb0: 3907 e970 | fbff ff49 | 8b87 0005 | 0000 49c7 | 8700 0500 | 0000 0000 | 0049 c787 | 0805 0000 
  0x000002515d3fded0: 0000 0000 | 4881 c430 | 0100 005d 

  0x000002515d3fdedc: ;   {runtime_call unwind_exception Runtime1 stub}
  0x000002515d3fdedc: e91f 5030 | 07f4 f4f4 | f4f4 f4f4 
[Stub Code]
  0x000002515d3fdee8: ;   {no_reloc}
  0x000002515d3fdee8: 0f1f 4400 

  0x000002515d3fdeec: ;   {static_stub}
  0x000002515d3fdeec: 0048 bbb0 | 8a47 7351 

  0x000002515d3fdef4: ;   {runtime_call I2C/C2I adapters}
  0x000002515d3fdef4: 0200 00e9 | 7b6f 2e07 

  0x000002515d3fdefc: ;   {static_stub}
  0x000002515d3fdefc: 9048 bb10 | e50a 0051 

  0x000002515d3fdf04: ;   {runtime_call I2C/C2I adapters}
  0x000002515d3fdf04: 0200 00e9 | e373 2d07 

  0x000002515d3fdf0c: ;   {static_stub}
  0x000002515d3fdf0c: 9048 bb00 | 0000 0000 

  0x000002515d3fdf14: ;   {runtime_call nmethod}
  0x000002515d3fdf14: 0000 00e9 | fbff ffff 

  0x000002515d3fdf1c: ;   {static_stub}
  0x000002515d3fdf1c: 9048 bb00 | 0000 0000 

  0x000002515d3fdf24: ;   {runtime_call nmethod}
  0x000002515d3fdf24: 0000 00e9 | fbff ffff 

  0x000002515d3fdf2c: ;   {static_stub}
  0x000002515d3fdf2c: 48bb 0000 | 0000 0000 

  0x000002515d3fdf34: ;   {runtime_call nmethod}
  0x000002515d3fdf34: 0000 e9fb 

  0x000002515d3fdf38: ;   {static_stub}
  0x000002515d3fdf38: ffff ff48 | bb00 0000 | 0000 0000 

  0x000002515d3fdf44: ;   {runtime_call nmethod}
  0x000002515d3fdf44: 00e9 fbff 

  0x000002515d3fdf48: ;   {static_stub}
  0x000002515d3fdf48: ffff 48bb | 0000 0000 | 0000 0000 

  0x000002515d3fdf54: ;   {runtime_call nmethod}
  0x000002515d3fdf54: e9fb ffff 

  0x000002515d3fdf58: ;   {static_stub}
  0x000002515d3fdf58: ff48 bb00 | 0000 0000 

  0x000002515d3fdf60: ;   {runtime_call nmethod}
  0x000002515d3fdf60: 0000 00e9 | fbff ffff 

  0x000002515d3fdf68: ;   {static_stub}
  0x000002515d3fdf68: 48bb 0000 | 0000 0000 

  0x000002515d3fdf70: ;   {runtime_call nmethod}
  0x000002515d3fdf70: 0000 e9fb 

  0x000002515d3fdf74: ;   {static_stub}
  0x000002515d3fdf74: ffff ff48 | bb00 0000 | 0000 0000 

  0x000002515d3fdf80: ;   {runtime_call nmethod}
  0x000002515d3fdf80: 00e9 fbff 

  0x000002515d3fdf84: ;   {static_stub}
  0x000002515d3fdf84: ffff 48bb | 0000 0000 | 0000 0000 

  0x000002515d3fdf90: ;   {runtime_call nmethod}
  0x000002515d3fdf90: e9fb ffff 

  0x000002515d3fdf94: ;   {static_stub}
  0x000002515d3fdf94: ff48 bb00 | 0000 0000 

  0x000002515d3fdf9c: ;   {runtime_call nmethod}
  0x000002515d3fdf9c: 0000 00e9 | fbff ffff 

  0x000002515d3fdfa4: ;   {static_stub}
  0x000002515d3fdfa4: 48bb 0000 | 0000 0000 

  0x000002515d3fdfac: ;   {runtime_call nmethod}
  0x000002515d3fdfac: 0000 e9fb 

  0x000002515d3fdfb0: ;   {static_stub}
  0x000002515d3fdfb0: ffff ff48 | bb00 0000 | 0000 0000 

  0x000002515d3fdfbc: ;   {runtime_call nmethod}
  0x000002515d3fdfbc: 00e9 fbff 

  0x000002515d3fdfc0: ;   {runtime_call handle_exception_from_callee Runtime1 stub}
  0x000002515d3fdfc0: ffff e839 

  0x000002515d3fdfc4: ;   {external_word}
  0x000002515d3fdfc4: 3130 0748 | b950 631b | 17fd 7f00 | 0048 83e4 

  0x000002515d3fdfd4: ;   {runtime_call}
  0x000002515d3fdfd4: f048 b8c0 | c9dd 16fd | 7f00 00ff 

  0x000002515d3fdfe0: ;   {section_word}
  0x000002515d3fdfe0: d0f4 49ba | e2df 3f5d | 5102 0000 

  0x000002515d3fdfec: ;   {runtime_call DeoptimizationBlob}
  0x000002515d3fdfec: 4152 e9ad 

  0x000002515d3fdff0: ;   {section_word}
  0x000002515d3fdff0: 5d2e 0749 | baf3 df3f | 5d51 0200 

  0x000002515d3fdffc: ;   {runtime_call DeoptimizationBlob}
  0x000002515d3fdffc: 0041 52e9 | 9c5d 2e07 | f4f4 f4f4 
[/MachCode]


---------------  P R O C E S S  ---------------

Threads class SMR info:
_java_thread_list=0x0000025178556180, length=52, elements={
0x00000251582d81e0, 0x0000025159ef9890, 0x0000025159efbde0, 0x0000025159efe5b0,
0x0000025170fc4370, 0x0000025170fcb1a0, 0x0000025170fcbc00, 0x0000025170fcca40,
0x00000251729c4020, 0x0000025172b47070, 0x0000025172cc0270, 0x000002517772ab60,
0x0000025172d26890, 0x0000025177951b90, 0x00000251779525d0, 0x0000025177e2a070,
0x0000025177ff7900, 0x0000025177d1a860, 0x0000025177d1aef0, 0x0000025177d1a1d0,
0x00000251786d8690, 0x00000251786d8d20, 0x00000251786da0d0, 0x00000251786d72e0,
0x00000251786d9a40, 0x00000251786da760, 0x00000251786d93b0, 0x00000251786d8000,
0x00000251786d7970, 0x00000251786dadf0, 0x00000251786db480, 0x00000251786dc1a0,
0x00000251786dbb10, 0x00000251786de900, 0x00000251786dd550, 0x00000251786de270,
0x00000251786dcec0, 0x00000251786dc830, 0x00000251786ddbe0, 0x000002517a9d6d80,
0x000002517a9d8130, 0x000002517a9d7aa0, 0x000002517a9d7410, 0x000002517a9d87c0,
0x000002517b2b3c10, 0x000002517b58d3a0, 0x000002517a9d94e0, 0x000002517a9d6060,
0x000002517a9d9b70, 0x000002517a9d66f0, 0x000002517a9daf20, 0x000002517a9dc960
}

Java Threads: ( => current thread )
  0x00000251582d81e0 JavaThread "main"                              [_thread_blocked, id=23972, stack(0x000000e678f00000,0x000000e679000000) (1024K)]
  0x0000025159ef9890 JavaThread "Reference Handler"          daemon [_thread_blocked, id=23916, stack(0x000000e679300000,0x000000e679400000) (1024K)]
  0x0000025159efbde0 JavaThread "Finalizer"                  daemon [_thread_blocked, id=34076, stack(0x000000e679400000,0x000000e679500000) (1024K)]
  0x0000025159efe5b0 JavaThread "Signal Dispatcher"          daemon [_thread_blocked, id=8968, stack(0x000000e679500000,0x000000e679600000) (1024K)]
  0x0000025170fc4370 JavaThread "Attach Listener"            daemon [_thread_blocked, id=28508, stack(0x000000e679600000,0x000000e679700000) (1024K)]
  0x0000025170fcb1a0 JavaThread "Service Thread"             daemon [_thread_blocked, id=9956, stack(0x000000e679700000,0x000000e679800000) (1024K)]
  0x0000025170fcbc00 JavaThread "Monitor Deflation Thread"   daemon [_thread_blocked, id=13572, stack(0x000000e679800000,0x000000e679900000) (1024K)]
  0x0000025170fcca40 JavaThread "C2 CompilerThread0"         daemon [_thread_in_native, id=26424, stack(0x000000e679900000,0x000000e679a00000) (1024K)]
  0x00000251729c4020 JavaThread "C1 CompilerThread0"         daemon [_thread_blocked, id=17128, stack(0x000000e679a00000,0x000000e679b00000) (1024K)]
  0x0000025172b47070 JavaThread "Common-Cleaner"             daemon [_thread_blocked, id=22116, stack(0x000000e679b00000,0x000000e679c00000) (1024K)]
  0x0000025172cc0270 JavaThread "Notification Thread"        daemon [_thread_blocked, id=20372, stack(0x000000e679c00000,0x000000e679d00000) (1024K)]
  0x000002517772ab60 JavaThread "Active Thread: Equinox Container: 72f0b1d2-017f-4bb1-8474-ec897db60985"        [_thread_blocked, id=8600, stack(0x000000e679d00000,0x000000e679e00000) (1024K)]
  0x0000025172d26890 JavaThread "Refresh Thread: Equinox Container: 72f0b1d2-017f-4bb1-8474-ec897db60985" daemon [_thread_blocked, id=25916, stack(0x000000e67a500000,0x000000e67a600000) (1024K)]
  0x0000025177951b90 JavaThread "Framework Event Dispatcher: Equinox Container: 72f0b1d2-017f-4bb1-8474-ec897db60985" daemon [_thread_blocked, id=12384, stack(0x000000e67a600000,0x000000e67a700000) (1024K)]
  0x00000251779525d0 JavaThread "Start Level: Equinox Container: 72f0b1d2-017f-4bb1-8474-ec897db60985" daemon [_thread_blocked, id=8868, stack(0x000000e67a700000,0x000000e67a800000) (1024K)]
  0x0000025177e2a070 JavaThread "Bundle File Closer"         daemon [_thread_blocked, id=31240, stack(0x000000e67a900000,0x000000e67aa00000) (1024K)]
  0x0000025177ff7900 JavaThread "SCR Component Actor"        daemon [_thread_blocked, id=13904, stack(0x000000e67a800000,0x000000e67a900000) (1024K)]
  0x0000025177d1a860 JavaThread "Worker-JM"                         [_thread_blocked, id=12848, stack(0x000000e67ac00000,0x000000e67ad00000) (1024K)]
  0x0000025177d1aef0 JavaThread "JNA Cleaner"                daemon [_thread_blocked, id=4100, stack(0x000000e67aa00000,0x000000e67ab00000) (1024K)]
  0x0000025177d1a1d0 JavaThread "Worker-0: Java indexing... "        [_thread_blocked, id=13232, stack(0x000000e67ab00000,0x000000e67ac00000) (1024K)]
  0x00000251786d8690 JavaThread "Worker-1: Publish Diagnostics"        [_thread_blocked, id=1872, stack(0x000000e67ad00000,0x000000e67ae00000) (1024K)]
  0x00000251786d8d20 JavaThread "Java indexing"              daemon [_thread_blocked, id=34164, stack(0x000000e67af00000,0x000000e67b000000) (1024K)]
  0x00000251786da0d0 JavaThread "Worker-2"                          [_thread_blocked, id=11708, stack(0x000000e67b000000,0x000000e67b100000) (1024K)]
  0x00000251786d72e0 JavaThread "Worker-3"                          [_thread_blocked, id=17184, stack(0x000000e67b400000,0x000000e67b500000) (1024K)]
=>0x00000251786d9a40 JavaThread "Worker-4: Initialize workspace"        [_thread_in_vm, id=11760, stack(0x000000e67b500000,0x000000e67b600000) (1024K)]
  0x00000251786da760 JavaThread "Thread-1"                   daemon [_thread_in_native, id=30256, stack(0x000000e67b600000,0x000000e67b700000) (1024K)]
  0x00000251786d93b0 JavaThread "Thread-2"                   daemon [_thread_in_native, id=17088, stack(0x000000e67b700000,0x000000e67b800000) (1024K)]
  0x00000251786d8000 JavaThread "Thread-3"                   daemon [_thread_in_native, id=26972, stack(0x000000e67b800000,0x000000e67b900000) (1024K)]
  0x00000251786d7970 JavaThread "Thread-4"                   daemon [_thread_in_native, id=33540, stack(0x000000e67b900000,0x000000e67ba00000) (1024K)]
  0x00000251786dadf0 JavaThread "Thread-5"                   daemon [_thread_in_native, id=35628, stack(0x000000e67ba00000,0x000000e67bb00000) (1024K)]
  0x00000251786db480 JavaThread "Thread-6"                   daemon [_thread_in_native, id=22236, stack(0x000000e67bb00000,0x000000e67bc00000) (1024K)]
  0x00000251786dc1a0 JavaThread "Thread-7"                   daemon [_thread_in_native, id=34948, stack(0x000000e67bc00000,0x000000e67bd00000) (1024K)]
  0x00000251786dbb10 JavaThread "Thread-8"                   daemon [_thread_in_native, id=19592, stack(0x000000e67bd00000,0x000000e67be00000) (1024K)]
  0x00000251786de900 JavaThread "Thread-9"                   daemon [_thread_in_native, id=6368, stack(0x000000e67be00000,0x000000e67bf00000) (1024K)]
  0x00000251786dd550 JavaThread "pool-2-thread-1"                   [_thread_blocked, id=6540, stack(0x000000e67bf00000,0x000000e67c000000) (1024K)]
  0x00000251786de270 JavaThread "WorkspaceEventsHandler"            [_thread_blocked, id=27324, stack(0x000000e67c000000,0x000000e67c100000) (1024K)]
  0x00000251786dcec0 JavaThread "pool-1-thread-1"                   [_thread_blocked, id=6912, stack(0x000000e67c100000,0x000000e67c200000) (1024K)]
  0x00000251786dc830 JavaThread "PatternSearchJob-worker-1"  daemon [_thread_blocked, id=34720, stack(0x000000e67c200000,0x000000e67c300000) (1024K)]
  0x00000251786ddbe0 JavaThread "PatternSearchJob-worker-2"  daemon [_thread_blocked, id=21416, stack(0x000000e67c300000,0x000000e67c400000) (1024K)]
  0x000002517a9d6d80 JavaThread "PatternSearchJob-worker-3"  daemon [_thread_blocked, id=23888, stack(0x000000e67c400000,0x000000e67c500000) (1024K)]
  0x000002517a9d8130 JavaThread "PatternSearchJob-worker-4"  daemon [_thread_blocked, id=10476, stack(0x000000e67c500000,0x000000e67c600000) (1024K)]
  0x000002517a9d7aa0 JavaThread "PatternSearchJob-worker-5"  daemon [_thread_blocked, id=27288, stack(0x000000e67c600000,0x000000e67c700000) (1024K)]
  0x000002517a9d7410 JavaThread "PatternSearchJob-worker-6"  daemon [_thread_blocked, id=5280, stack(0x000000e67c700000,0x000000e67c800000) (1024K)]
  0x000002517a9d87c0 JavaThread "PatternSearchJob-worker-7"  daemon [_thread_blocked, id=26416, stack(0x000000e67c800000,0x000000e67c900000) (1024K)]
  0x000002517b2b3c10 JavaThread "C2 CompilerThread1"         daemon [_thread_in_native, id=7308, stack(0x000000e678c00000,0x000000e678d00000) (1024K)]
  0x000002517b58d3a0 JavaThread "C2 CompilerThread2"         daemon [_thread_in_native, id=35372, stack(0x000000e67ae00000,0x000000e67af00000) (1024K)]
  0x000002517a9d94e0 JavaThread "ForkJoinPool.commonPool-worker-1" daemon [_thread_blocked, id=18396, stack(0x000000e67b100000,0x000000e67b200000) (1024K)]
  0x000002517a9d6060 JavaThread "ForkJoinPool.commonPool-worker-2" daemon [_thread_blocked, id=14724, stack(0x000000e67c900000,0x000000e67ca00000) (1024K)]
  0x000002517a9d9b70 JavaThread "ForkJoinPool.commonPool-worker-3" daemon [_thread_blocked, id=14440, stack(0x000000e67ca00000,0x000000e67cb00000) (1024K)]
  0x000002517a9d66f0 JavaThread "ForkJoinPool.commonPool-worker-4" daemon [_thread_blocked, id=24328, stack(0x000000e67cb00000,0x000000e67cc00000) (1024K)]
  0x000002517a9daf20 JavaThread "ForkJoinPool.commonPool-worker-5" daemon [_thread_blocked, id=23112, stack(0x000000e67cc00000,0x000000e67cd00000) (1024K)]
  0x000002517a9dc960 JavaThread "ForkJoinPool.commonPool-worker-6" daemon [_thread_blocked, id=2028, stack(0x000000e67cd00000,0x000000e67ce00000) (1024K)]
Total: 52

Other Threads:
  0x0000025159edfbd0 VMThread "VM Thread"                           [id=34248, stack(0x000000e679200000,0x000000e679300000) (1024K)] _threads_hazard_ptr=0x0000025178556180
  0x0000025170edcb20 WatcherThread "VM Periodic Task Thread"        [id=2672, stack(0x000000e679100000,0x000000e679200000) (1024K)]
  0x0000025159e5b9a0 WorkerThread "GC Thread#0"                     [id=30412, stack(0x000000e679000000,0x000000e679100000) (1024K)]
  0x00000251777544f0 WorkerThread "GC Thread#1"                     [id=19296, stack(0x000000e679e00000,0x000000e679f00000) (1024K)]
  0x0000025177755b10 WorkerThread "GC Thread#2"                     [id=12704, stack(0x000000e679f00000,0x000000e67a000000) (1024K)]
  0x0000025177215120 WorkerThread "GC Thread#3"                     [id=22488, stack(0x000000e67a000000,0x000000e67a100000) (1024K)]
  0x00000251772154d0 WorkerThread "GC Thread#4"                     [id=23420, stack(0x000000e67a100000,0x000000e67a200000) (1024K)]
  0x00000251777ac3a0 WorkerThread "GC Thread#5"                     [id=10244, stack(0x000000e67a200000,0x000000e67a300000) (1024K)]
  0x00000251777ac750 WorkerThread "GC Thread#6"                     [id=22420, stack(0x000000e67a300000,0x000000e67a400000) (1024K)]
  0x000002517777ffc0 WorkerThread "GC Thread#7"                     [id=21240, stack(0x000000e67a400000,0x000000e67a500000) (1024K)]
Total: 10

Threads with active compile tasks:
C2 CompilerThread0  38773 8538       4       lombok.eclipse.handlers.EclipseHandlerUtil::setGeneratedBy (10 bytes)
C2 CompilerThread1  38774 8352   !   4       lombok.core.FieldAugment$ReflectionFieldAugment::getAndSet (80 bytes)
C2 CompilerThread2  38774 8807   !   4       com.google.inject.spi.InjectionPoint::getInjectionPoints (489 bytes)
Total: 3

VM state: not at safepoint (normal execution)

VM Mutex/Monitor currently owned by a thread:  ([mutex/lock_event])
[0x00007ffd1746f6b0] Heap_lock - owner thread: 0x00000251786d8690

Heap address: 0x0000000080000000, size: 2048 MB, Compressed Oops mode: 32-bit

CDS archive(s) mapped at: [0x0000025100000000-0x0000025100ba0000-0x0000025100ba0000), size 12189696, SharedBaseAddress: 0x0000025100000000, ArchiveRelocationMode: 1.
Compressed class space mapped at: 0x0000025101000000-0x0000025141000000, reserved size: 1073741824
Narrow klass base: 0x0000025100000000, Narrow klass shift: 0, Narrow klass range: 0x100000000

GC Precious Log:
 CardTable entry size: 512
 CPUs: 8 total, 8 available
 Memory: 11972M
 Large Page Support: Disabled
 NUMA Support: Disabled
 Compressed Oops: Enabled (32-bit)
 Alignments: Space 512K, Generation 512K, Heap 2M
 Heap Min Capacity: 100M
 Heap Initial Capacity: 100M
 Heap Max Capacity: 2G
 Pre-touch: Disabled
 Parallel Workers: 8

Heap:
 PSYoungGen      total 16384K, used 16363K [0x00000000d5580000, 0x00000000d7c00000, 0x0000000100000000)
  eden space 14848K, 100% used [0x00000000d5580000,0x00000000d6400000,0x00000000d6400000)
  from space 1536K, 98% used [0x00000000d6c80000,0x00000000d6dfac30,0x00000000d6e00000)
  to   space 8704K, 0% used [0x00000000d6400000,0x00000000d6400000,0x00000000d6c80000)
 ParOldGen       total 68608K, used 52966K [0x0000000080000000, 0x0000000084300000, 0x00000000d5580000)
  object space 68608K, 77% used [0x0000000080000000,0x00000000833b9878,0x0000000084300000)
 Metaspace       used 59181K, committed 60608K, reserved 1114112K
  class space    used 6376K, committed 6976K, reserved 1048576K

Card table byte_map: [0x000002516c340000,0x000002516c750000] _byte_map_base: 0x000002516bf40000

Marking Bits: (ParMarkBitMap*) 0x00007ffd174744a0
 Begin Bits: [0x000002516ca00000, 0x000002516ea00000)
 End Bits:   [0x000002516ea00000, 0x0000025170a00000)

Polling page: 0x0000025158590000

Metaspace:

Usage:
  Non-class:     51.57 MB used.
      Class:      6.23 MB used.
       Both:     57.79 MB used.

Virtual space:
  Non-class space:       64.00 MB reserved,      52.38 MB ( 82%) committed,  1 nodes.
      Class space:        1.00 GB reserved,       6.81 MB ( <1%) committed,  1 nodes.
             Both:        1.06 GB reserved,      59.19 MB (  5%) committed. 

Chunk freelists:
   Non-Class:  11.13 MB
       Class:  9.03 MB
        Both:  20.17 MB

MaxMetaspaceSize: unlimited
CompressedClassSpaceSize: 1.00 GB
Initial GC threshold: 21.00 MB
Current GC threshold: 97.31 MB
CDS: on
 - commit_granule_bytes: 65536.
 - commit_granule_words: 8192.
 - virtual_space_node_default_size: 8388608.
 - enlarge_chunks_in_place: 1.
 - use_allocation_guard: 0.


Internal statistics:

num_allocs_failed_limit: 9.
num_arena_births: 1186.
num_arena_deaths: 14.
num_vsnodes_births: 2.
num_vsnodes_deaths: 0.
num_space_committed: 947.
num_space_uncommitted: 0.
num_chunks_returned_to_freelist: 23.
num_chunks_taken_from_freelist: 3971.
num_chunk_merges: 15.
num_chunk_splits: 2461.
num_chunks_enlarged: 1362.
num_inconsistent_stats: 0.

CodeHeap 'non-profiled nmethods': size=120000Kb used=5997Kb max_used=6094Kb free=114002Kb
 bounds [0x0000025164c30000, 0x0000025165230000, 0x000002516c160000]
CodeHeap 'profiled nmethods': size=120000Kb used=18294Kb max_used=18508Kb free=101705Kb
 bounds [0x000002515d160000, 0x000002515e380000, 0x0000025164690000]
CodeHeap 'non-nmethods': size=5760Kb used=1415Kb max_used=1475Kb free=4344Kb
 bounds [0x0000025164690000, 0x0000025164900000, 0x0000025164c30000]
CodeCache: size=245760Kb, used=25706Kb, max_used=26077Kb, free=220051Kb
 total_blobs=8995, nmethods=8270, adapters=631, full_count=0
Compilation: enabled, stopped_count=0, restarted_count=0

Compilation events (20 events):
Event: 38.263 Thread 0x00000251729c4020 nmethod 9045 0x000002515d542f90 code [0x000002515d5431a0, 0x000002515d5434c0]
Event: 38.280 Thread 0x00000251729c4020 9046       1       org.apache.maven.model.ConfigurationContainer::getConfiguration (5 bytes)
Event: 38.281 Thread 0x00000251729c4020 nmethod 9046 0x0000025164e40d10 code [0x0000025164e40ea0, 0x0000025164e40f68]
Event: 38.312 Thread 0x00000251729c4020 9047       2       java.util.concurrent.locks.ReentrantReadWriteLock$WriteLock::lock (9 bytes)
Event: 38.312 Thread 0x00000251729c4020 nmethod 9047 0x000002515d1ea110 code [0x000002515d1ea2c0, 0x000002515d1ea3f0]
Event: 38.312 Thread 0x00000251729c4020 9048       2       java.util.concurrent.locks.ReentrantReadWriteLock$Sync::tryAcquire (92 bytes)
Event: 38.313 Thread 0x00000251729c4020 nmethod 9048 0x000002515d542910 code [0x000002515d542b00, 0x000002515d542e60]
Event: 38.313 Thread 0x00000251729c4020 9049       2       java.util.concurrent.locks.ReentrantReadWriteLock$WriteLock::unlock (10 bytes)
Event: 38.313 Thread 0x00000251729c4020 nmethod 9049 0x000002515d542490 code [0x000002515d542640, 0x000002515d5427e8]
Event: 38.313 Thread 0x00000251729c4020 9050       2       java.util.concurrent.locks.ReentrantReadWriteLock$Sync::tryRelease (51 bytes)
Event: 38.313 Thread 0x00000251729c4020 nmethod 9050 0x000002515d3b7b90 code [0x000002515d3b7d40, 0x000002515d3b7f68]
Event: 38.316 Thread 0x00000251729c4020 9051       2       org.eclipse.sisu.plexus.DefaultPlexusBeans$Itr::next (5 bytes)
Event: 38.316 Thread 0x00000251729c4020 nmethod 9051 0x000002515d3b7690 code [0x000002515d3b7840, 0x000002515d3b7a50]
Event: 38.316 Thread 0x00000251729c4020 9052       2       org.eclipse.sisu.plexus.DefaultPlexusBeans$Itr::next (20 bytes)
Event: 38.316 Thread 0x00000251729c4020 nmethod 9052 0x000002515d542010 code [0x000002515d5421c0, 0x000002515d5423d0]
Event: 38.346 Thread 0x00000251729c4020 9053       2       jdk.nio.zipfs.ZipDirectoryStream$1::hasNext (25 bytes)
Event: 38.347 Thread 0x00000251729c4020 nmethod 9053 0x000002515da11c90 code [0x000002515da11e40, 0x000002515da11fc0]
Event: 38.351 Thread 0x00000251729c4020 9054       1       org.eclipse.jdt.internal.core.util.WeakHashSet$HashableWeakReference::hashCode (5 bytes)
Event: 38.352 Thread 0x00000251729c4020 nmethod 9054 0x0000025164e40a10 code [0x0000025164e40ba0, 0x0000025164e40c68]
Event: 38.353 Thread 0x00000251729c4020 9055       2       org.eclipse.sisu.bean.BeanScheduler::detectCycle (50 bytes)

GC Heap History (20 events):
Event: 28.894 GC heap before
{Heap before GC invocations=30 (full 2):
 PSYoungGen      total 24576K, used 24192K [0x00000000d5580000, 0x00000000d7100000, 0x0000000100000000)
  eden space 22016K, 100% used [0x00000000d5580000,0x00000000d6b00000,0x00000000d6b00000)
  from space 2560K, 85% used [0x00000000d6b00000,0x00000000d6d20010,0x00000000d6d80000)
  to   space 3072K, 0% used [0x00000000d6e00000,0x00000000d6e00000,0x00000000d7100000)
 ParOldGen       total 68608K, used 43355K [0x0000000080000000, 0x0000000084300000, 0x00000000d5580000)
  object space 68608K, 63% used [0x0000000080000000,0x0000000082a56f20,0x0000000084300000)
 Metaspace       used 49697K, committed 51008K, reserved 1114112K
  class space    used 5427K, committed 6016K, reserved 1048576K
}
Event: 28.902 GC heap after
{Heap after GC invocations=30 (full 2):
 PSYoungGen      total 24064K, used 1888K [0x00000000d5580000, 0x00000000d7000000, 0x0000000100000000)
  eden space 22016K, 0% used [0x00000000d5580000,0x00000000d5580000,0x00000000d6b00000)
  from space 2048K, 92% used [0x00000000d6e00000,0x00000000d6fd8000,0x00000000d7000000)
  to   space 2560K, 0% used [0x00000000d6b00000,0x00000000d6b00000,0x00000000d6d80000)
 ParOldGen       total 68608K, used 45403K [0x0000000080000000, 0x0000000084300000, 0x00000000d5580000)
  object space 68608K, 66% used [0x0000000080000000,0x0000000082c56f30,0x0000000084300000)
 Metaspace       used 49697K, committed 51008K, reserved 1114112K
  class space    used 5427K, committed 6016K, reserved 1048576K
}
Event: 31.640 GC heap before
{Heap before GC invocations=31 (full 2):
 PSYoungGen      total 24064K, used 23850K [0x00000000d5580000, 0x00000000d7000000, 0x0000000100000000)
  eden space 22016K, 99% used [0x00000000d5580000,0x00000000d6af2ac0,0x00000000d6b00000)
  from space 2048K, 92% used [0x00000000d6e00000,0x00000000d6fd8000,0x00000000d7000000)
  to   space 2560K, 0% used [0x00000000d6b00000,0x00000000d6b00000,0x00000000d6d80000)
 ParOldGen       total 68608K, used 45403K [0x0000000080000000, 0x0000000084300000, 0x00000000d5580000)
  object space 68608K, 66% used [0x0000000080000000,0x0000000082c56f30,0x0000000084300000)
 Metaspace       used 51808K, committed 53184K, reserved 1114112K
  class space    used 5672K, committed 6272K, reserved 1048576K
}
Event: 31.643 GC heap after
{Heap after GC invocations=31 (full 2):
 PSYoungGen      total 23040K, used 636K [0x00000000d5580000, 0x00000000d6e80000, 0x0000000100000000)
  eden space 22016K, 0% used [0x00000000d5580000,0x00000000d5580000,0x00000000d6b00000)
  from space 1024K, 62% used [0x00000000d6b00000,0x00000000d6b9f280,0x00000000d6c00000)
  to   space 1536K, 0% used [0x00000000d6d00000,0x00000000d6d00000,0x00000000d6e80000)
 ParOldGen       total 68608K, used 47103K [0x0000000080000000, 0x0000000084300000, 0x00000000d5580000)
  object space 68608K, 68% used [0x0000000080000000,0x0000000082dfff88,0x0000000084300000)
 Metaspace       used 51808K, committed 53184K, reserved 1114112K
  class space    used 5672K, committed 6272K, reserved 1048576K
}
Event: 33.061 GC heap before
{Heap before GC invocations=32 (full 2):
 PSYoungGen      total 23040K, used 22652K [0x00000000d5580000, 0x00000000d6e80000, 0x0000000100000000)
  eden space 22016K, 100% used [0x00000000d5580000,0x00000000d6b00000,0x00000000d6b00000)
  from space 1024K, 62% used [0x00000000d6b00000,0x00000000d6b9f280,0x00000000d6c00000)
  to   space 1536K, 0% used [0x00000000d6d00000,0x00000000d6d00000,0x00000000d6e80000)
 ParOldGen       total 68608K, used 47103K [0x0000000080000000, 0x0000000084300000, 0x00000000d5580000)
  object space 68608K, 68% used [0x0000000080000000,0x0000000082dfff88,0x0000000084300000)
 Metaspace       used 53432K, committed 54784K, reserved 1114112K
  class space    used 5833K, committed 6464K, reserved 1048576K
}
Event: 33.063 GC heap after
{Heap after GC invocations=32 (full 2):
 PSYoungGen      total 23040K, used 544K [0x00000000d5580000, 0x00000000d6e00000, 0x0000000100000000)
  eden space 22016K, 0% used [0x00000000d5580000,0x00000000d5580000,0x00000000d6b00000)
  from space 1024K, 53% used [0x00000000d6d00000,0x00000000d6d88000,0x00000000d6e00000)
  to   space 1024K, 0% used [0x00000000d6b00000,0x00000000d6b00000,0x00000000d6c00000)
 ParOldGen       total 68608K, used 47610K [0x0000000080000000, 0x0000000084300000, 0x00000000d5580000)
  object space 68608K, 69% used [0x0000000080000000,0x0000000082e7eb38,0x0000000084300000)
 Metaspace       used 53432K, committed 54784K, reserved 1114112K
  class space    used 5833K, committed 6464K, reserved 1048576K
}
Event: 34.257 GC heap before
{Heap before GC invocations=33 (full 2):
 PSYoungGen      total 23040K, used 22560K [0x00000000d5580000, 0x00000000d6e00000, 0x0000000100000000)
  eden space 22016K, 100% used [0x00000000d5580000,0x00000000d6b00000,0x00000000d6b00000)
  from space 1024K, 53% used [0x00000000d6d00000,0x00000000d6d88000,0x00000000d6e00000)
  to   space 1024K, 0% used [0x00000000d6b00000,0x00000000d6b00000,0x00000000d6c00000)
 ParOldGen       total 68608K, used 47610K [0x0000000080000000, 0x0000000084300000, 0x00000000d5580000)
  object space 68608K, 69% used [0x0000000080000000,0x0000000082e7eb38,0x0000000084300000)
 Metaspace       used 53722K, committed 55104K, reserved 1114112K
  class space    used 5850K, committed 6464K, reserved 1048576K
}
Event: 34.260 GC heap after
{Heap after GC invocations=33 (full 2):
 PSYoungGen      total 23040K, used 1006K [0x00000000d5580000, 0x00000000d6f00000, 0x0000000100000000)
  eden space 22016K, 0% used [0x00000000d5580000,0x00000000d5580000,0x00000000d6b00000)
  from space 1024K, 98% used [0x00000000d6b00000,0x00000000d6bfb880,0x00000000d6c00000)
  to   space 2048K, 0% used [0x00000000d6d00000,0x00000000d6d00000,0x00000000d6f00000)
 ParOldGen       total 68608K, used 48258K [0x0000000080000000, 0x0000000084300000, 0x00000000d5580000)
  object space 68608K, 70% used [0x0000000080000000,0x0000000082f20b38,0x0000000084300000)
 Metaspace       used 53722K, committed 55104K, reserved 1114112K
  class space    used 5850K, committed 6464K, reserved 1048576K
}
Event: 34.832 GC heap before
{Heap before GC invocations=34 (full 2):
 PSYoungGen      total 23040K, used 23022K [0x00000000d5580000, 0x00000000d6f00000, 0x0000000100000000)
  eden space 22016K, 100% used [0x00000000d5580000,0x00000000d6b00000,0x00000000d6b00000)
  from space 1024K, 98% used [0x00000000d6b00000,0x00000000d6bfb880,0x00000000d6c00000)
  to   space 2048K, 0% used [0x00000000d6d00000,0x00000000d6d00000,0x00000000d6f00000)
 ParOldGen       total 68608K, used 48258K [0x0000000080000000, 0x0000000084300000, 0x00000000d5580000)
  object space 68608K, 70% used [0x0000000080000000,0x0000000082f20b38,0x0000000084300000)
 Metaspace       used 54811K, committed 56192K, reserved 1114112K
  class space    used 5940K, committed 6592K, reserved 1048576K
}
Event: 34.835 GC heap after
{Heap after GC invocations=34 (full 2):
 PSYoungGen      total 23040K, used 864K [0x00000000d5580000, 0x00000000d6e00000, 0x0000000100000000)
  eden space 22016K, 0% used [0x00000000d5580000,0x00000000d5580000,0x00000000d6b00000)
  from space 1024K, 84% used [0x00000000d6d00000,0x00000000d6dd8030,0x00000000d6e00000)
  to   space 1536K, 0% used [0x00000000d6b00000,0x00000000d6b00000,0x00000000d6c80000)
 ParOldGen       total 68608K, used 48370K [0x0000000080000000, 0x0000000084300000, 0x00000000d5580000)
  object space 68608K, 70% used [0x0000000080000000,0x0000000082f3cb38,0x0000000084300000)
 Metaspace       used 54811K, committed 56192K, reserved 1114112K
  class space    used 5940K, committed 6592K, reserved 1048576K
}
Event: 35.853 GC heap before
{Heap before GC invocations=35 (full 2):
 PSYoungGen      total 23040K, used 22880K [0x00000000d5580000, 0x00000000d6e00000, 0x0000000100000000)
  eden space 22016K, 100% used [0x00000000d5580000,0x00000000d6b00000,0x00000000d6b00000)
  from space 1024K, 84% used [0x00000000d6d00000,0x00000000d6dd8030,0x00000000d6e00000)
  to   space 1536K, 0% used [0x00000000d6b00000,0x00000000d6b00000,0x00000000d6c80000)
 ParOldGen       total 68608K, used 48370K [0x0000000080000000, 0x0000000084300000, 0x00000000d5580000)
  object space 68608K, 70% used [0x0000000080000000,0x0000000082f3cb38,0x0000000084300000)
 Metaspace       used 56454K, committed 57856K, reserved 1114112K
  class space    used 6120K, committed 6720K, reserved 1048576K
}
Event: 35.856 GC heap after
{Heap after GC invocations=35 (full 2):
 PSYoungGen      total 23552K, used 1120K [0x00000000d5580000, 0x00000000d6e00000, 0x0000000100000000)
  eden space 22016K, 0% used [0x00000000d5580000,0x00000000d5580000,0x00000000d6b00000)
  from space 1536K, 72% used [0x00000000d6b00000,0x00000000d6c18000,0x00000000d6c80000)
  to   space 1536K, 0% used [0x00000000d6c80000,0x00000000d6c80000,0x00000000d6e00000)
 ParOldGen       total 68608K, used 48602K [0x0000000080000000, 0x0000000084300000, 0x00000000d5580000)
  object space 68608K, 70% used [0x0000000080000000,0x0000000082f76b38,0x0000000084300000)
 Metaspace       used 56454K, committed 57856K, reserved 1114112K
  class space    used 6120K, committed 6720K, reserved 1048576K
}
Event: 36.643 GC heap before
{Heap before GC invocations=36 (full 2):
 PSYoungGen      total 23552K, used 23136K [0x00000000d5580000, 0x00000000d6e00000, 0x0000000100000000)
  eden space 22016K, 100% used [0x00000000d5580000,0x00000000d6b00000,0x00000000d6b00000)
  from space 1536K, 72% used [0x00000000d6b00000,0x00000000d6c18000,0x00000000d6c80000)
  to   space 1536K, 0% used [0x00000000d6c80000,0x00000000d6c80000,0x00000000d6e00000)
 ParOldGen       total 68608K, used 48602K [0x0000000080000000, 0x0000000084300000, 0x00000000d5580000)
  object space 68608K, 70% used [0x0000000080000000,0x0000000082f76b38,0x0000000084300000)
 Metaspace       used 56758K, committed 58176K, reserved 1114112K
  class space    used 6138K, committed 6784K, reserved 1048576K
}
Event: 36.647 GC heap after
{Heap after GC invocations=36 (full 2):
 PSYoungGen      total 23040K, used 688K [0x00000000d5580000, 0x00000000d6d80000, 0x0000000100000000)
  eden space 22016K, 0% used [0x00000000d5580000,0x00000000d5580000,0x00000000d6b00000)
  from space 1024K, 67% used [0x00000000d6c80000,0x00000000d6d2c010,0x00000000d6d80000)
  to   space 1024K, 0% used [0x00000000d6b80000,0x00000000d6b80000,0x00000000d6c80000)
 ParOldGen       total 68608K, used 49388K [0x0000000080000000, 0x0000000084300000, 0x00000000d5580000)
  object space 68608K, 71% used [0x0000000080000000,0x000000008303b3b8,0x0000000084300000)
 Metaspace       used 56758K, committed 58176K, reserved 1114112K
  class space    used 6138K, committed 6784K, reserved 1048576K
}
Event: 37.717 GC heap before
{Heap before GC invocations=37 (full 2):
 PSYoungGen      total 23040K, used 20530K [0x00000000d5580000, 0x00000000d6d80000, 0x0000000100000000)
  eden space 22016K, 90% used [0x00000000d5580000,0x00000000d68e0a08,0x00000000d6b00000)
  from space 1024K, 67% used [0x00000000d6c80000,0x00000000d6d2c010,0x00000000d6d80000)
  to   space 1024K, 0% used [0x00000000d6b80000,0x00000000d6b80000,0x00000000d6c80000)
 ParOldGen       total 68608K, used 49388K [0x0000000080000000, 0x0000000084300000, 0x00000000d5580000)
  object space 68608K, 71% used [0x0000000080000000,0x000000008303b3b8,0x0000000084300000)
 Metaspace       used 58412K, committed 59776K, reserved 1114112K
  class space    used 6299K, committed 6848K, reserved 1048576K
}
Event: 37.720 GC heap after
{Heap after GC invocations=37 (full 2):
 PSYoungGen      total 23040K, used 992K [0x00000000d5580000, 0x00000000d6e00000, 0x0000000100000000)
  eden space 22016K, 0% used [0x00000000d5580000,0x00000000d5580000,0x00000000d6b00000)
  from space 1024K, 96% used [0x00000000d6b80000,0x00000000d6c78040,0x00000000d6c80000)
  to   space 1536K, 0% used [0x00000000d6c80000,0x00000000d6c80000,0x00000000d6e00000)
 ParOldGen       total 68608K, used 49700K [0x0000000080000000, 0x0000000084300000, 0x00000000d5580000)
  object space 68608K, 72% used [0x0000000080000000,0x00000000830893c8,0x0000000084300000)
 Metaspace       used 58412K, committed 59776K, reserved 1114112K
  class space    used 6299K, committed 6848K, reserved 1048576K
}
Event: 37.720 GC heap before
{Heap before GC invocations=38 (full 3):
 PSYoungGen      total 23040K, used 992K [0x00000000d5580000, 0x00000000d6e00000, 0x0000000100000000)
  eden space 22016K, 0% used [0x00000000d5580000,0x00000000d5580000,0x00000000d6b00000)
  from space 1024K, 96% used [0x00000000d6b80000,0x00000000d6c78040,0x00000000d6c80000)
  to   space 1536K, 0% used [0x00000000d6c80000,0x00000000d6c80000,0x00000000d6e00000)
 ParOldGen       total 68608K, used 49700K [0x0000000080000000, 0x0000000084300000, 0x00000000d5580000)
  object space 68608K, 72% used [0x0000000080000000,0x00000000830893c8,0x0000000084300000)
 Metaspace       used 58412K, committed 59776K, reserved 1114112K
  class space    used 6299K, committed 6848K, reserved 1048576K
}
Event: 37.833 GC heap after
{Heap after GC invocations=38 (full 3):
 PSYoungGen      total 23040K, used 0K [0x00000000d5580000, 0x00000000d6e00000, 0x0000000100000000)
  eden space 22016K, 0% used [0x00000000d5580000,0x00000000d5580000,0x00000000d6b00000)
  from space 1024K, 0% used [0x00000000d6b80000,0x00000000d6b80000,0x00000000d6c80000)
  to   space 1536K, 0% used [0x00000000d6c80000,0x00000000d6c80000,0x00000000d6e00000)
 ParOldGen       total 68608K, used 47186K [0x0000000080000000, 0x0000000084300000, 0x00000000d5580000)
  object space 68608K, 68% used [0x0000000080000000,0x0000000082e14940,0x0000000084300000)
 Metaspace       used 58412K, committed 59776K, reserved 1114112K
  class space    used 6299K, committed 6848K, reserved 1048576K
}
Event: 38.215 GC heap before
{Heap before GC invocations=39 (full 3):
 PSYoungGen      total 23040K, used 22016K [0x00000000d5580000, 0x00000000d6e00000, 0x0000000100000000)
  eden space 22016K, 100% used [0x00000000d5580000,0x00000000d6b00000,0x00000000d6b00000)
  from space 1024K, 0% used [0x00000000d6b80000,0x00000000d6b80000,0x00000000d6c80000)
  to   space 1536K, 0% used [0x00000000d6c80000,0x00000000d6c80000,0x00000000d6e00000)
 ParOldGen       total 68608K, used 47186K [0x0000000080000000, 0x0000000084300000, 0x00000000d5580000)
  object space 68608K, 68% used [0x0000000080000000,0x0000000082e14940,0x0000000084300000)
 Metaspace       used 59084K, committed 60544K, reserved 1114112K
  class space    used 6368K, committed 6976K, reserved 1048576K
}
Event: 38.220 GC heap after
{Heap after GC invocations=39 (full 3):
 PSYoungGen      total 16384K, used 1515K [0x00000000d5580000, 0x00000000d7c00000, 0x0000000100000000)
  eden space 14848K, 0% used [0x00000000d5580000,0x00000000d5580000,0x00000000d6400000)
  from space 1536K, 98% used [0x00000000d6c80000,0x00000000d6dfac30,0x00000000d6e00000)
  to   space 8704K, 0% used [0x00000000d6400000,0x00000000d6400000,0x00000000d6c80000)
 ParOldGen       total 68608K, used 52966K [0x0000000080000000, 0x0000000084300000, 0x00000000d5580000)
  object space 68608K, 77% used [0x0000000080000000,0x00000000833b9878,0x0000000084300000)
 Metaspace       used 59084K, committed 60544K, reserved 1114112K
  class space    used 6368K, committed 6976K, reserved 1048576K
}

Dll operation events (20 events):
Event: 0.015 Attempting to load shared library c:\Users\LOQ\.vscode\extensions\redhat.java-1.56.0-win32-x64\jre\21.0.12.1-win32-x86_64\bin\java.dll
Event: 0.015 Loaded shared library c:\Users\LOQ\.vscode\extensions\redhat.java-1.56.0-win32-x64\jre\21.0.12.1-win32-x86_64\bin\java.dll
Event: 0.267 Attempting to load shared library c:\Users\LOQ\.vscode\extensions\redhat.java-1.56.0-win32-x64\jre\21.0.12.1-win32-x86_64\bin\zip.dll
Event: 0.268 Loaded shared library c:\Users\LOQ\.vscode\extensions\redhat.java-1.56.0-win32-x64\jre\21.0.12.1-win32-x86_64\bin\zip.dll
Event: 0.337 Attempting to load shared library C:\Users\LOQ\.vscode\extensions\redhat.java-1.56.0-win32-x64\jre\21.0.12.1-win32-x86_64\bin\instrument.dll
Event: 0.337 Loaded shared library C:\Users\LOQ\.vscode\extensions\redhat.java-1.56.0-win32-x64\jre\21.0.12.1-win32-x86_64\bin\instrument.dll
Event: 0.346 Attempting to load shared library C:\Users\LOQ\.vscode\extensions\redhat.java-1.56.0-win32-x64\jre\21.0.12.1-win32-x86_64\bin\net.dll
Event: 0.350 Loaded shared library C:\Users\LOQ\.vscode\extensions\redhat.java-1.56.0-win32-x64\jre\21.0.12.1-win32-x86_64\bin\net.dll
Event: 0.353 Attempting to load shared library C:\Users\LOQ\.vscode\extensions\redhat.java-1.56.0-win32-x64\jre\21.0.12.1-win32-x86_64\bin\nio.dll
Event: 0.353 Loaded shared library C:\Users\LOQ\.vscode\extensions\redhat.java-1.56.0-win32-x64\jre\21.0.12.1-win32-x86_64\bin\nio.dll
Event: 0.392 Attempting to load shared library C:\Users\LOQ\.vscode\extensions\redhat.java-1.56.0-win32-x64\jre\21.0.12.1-win32-x86_64\bin\zip.dll
Event: 0.392 Loaded shared library C:\Users\LOQ\.vscode\extensions\redhat.java-1.56.0-win32-x64\jre\21.0.12.1-win32-x86_64\bin\zip.dll
Event: 0.443 Attempting to load shared library C:\Users\LOQ\.vscode\extensions\redhat.java-1.56.0-win32-x64\jre\21.0.12.1-win32-x86_64\bin\jimage.dll
Event: 0.443 Loaded shared library C:\Users\LOQ\.vscode\extensions\redhat.java-1.56.0-win32-x64\jre\21.0.12.1-win32-x86_64\bin\jimage.dll
Event: 0.952 Attempting to load shared library c:\Users\LOQ\.vscode\extensions\redhat.java-1.56.0-win32-x64\jre\21.0.12.1-win32-x86_64\bin\verify.dll
Event: 0.953 Loaded shared library c:\Users\LOQ\.vscode\extensions\redhat.java-1.56.0-win32-x64\jre\21.0.12.1-win32-x86_64\bin\verify.dll
Event: 5.309 Attempting to load shared library C:\Users\LOQ\AppData\Roaming\Code\User\globalStorage\redhat.java\1.56.0\config_win\org.eclipse.equinox.launcher\org.eclipse.equinox.launcher.win32.win32.x86_64_1.3.100.v20260804-1928\eclipse_11924.dll
Event: 5.318 Loaded shared library C:\Users\LOQ\AppData\Roaming\Code\User\globalStorage\redhat.java\1.56.0\config_win\org.eclipse.equinox.launcher\org.eclipse.equinox.launcher.win32.win32.x86_64_1.3.100.v20260804-1928\eclipse_11924.dll
Event: 10.809 Attempting to load shared library C:\Users\LOQ\AppData\Local\Temp\jna-75566\jna13767768635193269667.dll
Event: 10.812 Loaded shared library C:\Users\LOQ\AppData\Local\Temp\jna-75566\jna13767768635193269667.dll

Deoptimization events (20 events):
Event: 38.131 Thread 0x00000251786d8d20 Uncommon trap: trap_request=0xffffffde fr.pc=0x0000025164df79d0 relative=0x0000000000001b10
Event: 38.134 Thread 0x00000251786d8d20 Uncommon trap: reason=class_check action=maybe_recompile pc=0x0000025164df79d0 method=java.util.zip.InflaterInputStream.read([BII)I @ 78 c2
Event: 38.135 Thread 0x00000251786d8d20 DEOPT PACKING pc=0x0000025164df79d0 sp=0x000000e67affe1c0
Event: 38.135 Thread 0x00000251786d8d20 DEOPT UNPACKING pc=0x00000251646e3aa2 sp=0x000000e67affe220 mode 2
Event: 38.137 Thread 0x00000251786d8d20 Uncommon trap: trap_request=0xffffffde fr.pc=0x0000025164df79d0 relative=0x0000000000001b10
Event: 38.137 Thread 0x00000251786d8d20 Uncommon trap: reason=class_check action=maybe_recompile pc=0x0000025164df79d0 method=java.util.zip.InflaterInputStream.read([BII)I @ 78 c2
Event: 38.137 Thread 0x00000251786d8d20 DEOPT PACKING pc=0x0000025164df79d0 sp=0x000000e67affe1c0
Event: 38.137 Thread 0x00000251786d8d20 DEOPT UNPACKING pc=0x00000251646e3aa2 sp=0x000000e67affe220 mode 2
Event: 38.166 Thread 0x00000251786d8690 Uncommon trap: trap_request=0xffffffbe fr.pc=0x00000251650bff40 relative=0x0000000000003020
Event: 38.166 Thread 0x00000251786d8690 Uncommon trap: reason=profile_predicate action=maybe_recompile pc=0x00000251650bff40 method=org.eclipse.jdt.internal.core.util.DeduplicationUtil.intern(Ljava/util/List;)Ljava/util/List; @ 127 c2
Event: 38.166 Thread 0x00000251786d8690 DEOPT PACKING pc=0x00000251650bff40 sp=0x000000e67adfe2a0
Event: 38.166 Thread 0x00000251786d8690 DEOPT UNPACKING pc=0x00000251646e3aa2 sp=0x000000e67adfe290 mode 2
Event: 38.168 Thread 0x00000251786d8690 Uncommon trap: trap_request=0xffffffbe fr.pc=0x00000251650bff40 relative=0x0000000000003020
Event: 38.168 Thread 0x00000251786d8690 Uncommon trap: reason=profile_predicate action=maybe_recompile pc=0x00000251650bff40 method=org.eclipse.jdt.internal.core.util.DeduplicationUtil.intern(Ljava/util/List;)Ljava/util/List; @ 127 c2
Event: 38.168 Thread 0x00000251786d8690 DEOPT PACKING pc=0x00000251650bff40 sp=0x000000e67adfe2a0
Event: 38.168 Thread 0x00000251786d8690 DEOPT UNPACKING pc=0x00000251646e3aa2 sp=0x000000e67adfe290 mode 2
Event: 38.168 Thread 0x00000251786d8690 Uncommon trap: trap_request=0xffffffbe fr.pc=0x00000251650bff40 relative=0x0000000000003020
Event: 38.169 Thread 0x00000251786d8690 Uncommon trap: reason=profile_predicate action=maybe_recompile pc=0x00000251650bff40 method=org.eclipse.jdt.internal.core.util.DeduplicationUtil.intern(Ljava/util/List;)Ljava/util/List; @ 127 c2
Event: 38.169 Thread 0x00000251786d8690 DEOPT PACKING pc=0x00000251650bff40 sp=0x000000e67adfe2a0
Event: 38.169 Thread 0x00000251786d8690 DEOPT UNPACKING pc=0x00000251646e3aa2 sp=0x000000e67adfe290 mode 2

Classes loaded (20 events):
Event: 35.387 Loading class java/util/WeakHashMap$KeyIterator
Event: 35.387 Loading class java/util/WeakHashMap$KeyIterator done
Event: 36.827 Loading class java/util/concurrent/CompletableFuture$UniApply
Event: 36.835 Loading class java/util/concurrent/CompletableFuture$UniCompletion
Event: 36.835 Loading class java/util/concurrent/CompletableFuture$UniCompletion done
Event: 36.835 Loading class java/util/concurrent/CompletableFuture$UniApply done
Event: 36.836 Loading class java/util/concurrent/CompletableFuture$UniAccept
Event: 36.840 Loading class java/util/concurrent/CompletableFuture$UniAccept done
Event: 36.840 Loading class java/util/concurrent/CompletableFuture$UniExceptionally
Event: 36.840 Loading class java/util/concurrent/CompletableFuture$UniExceptionally done
Event: 37.025 Loading class java/util/Hashtable$KeySet
Event: 37.027 Loading class java/util/Hashtable$KeySet done
Event: 37.069 Loading class java/util/ArrayDeque$DeqSpliterator
Event: 37.070 Loading class java/util/ArrayDeque$DeqSpliterator done
Event: 37.647 Loading class java/nio/file/attribute/PosixFileAttributes
Event: 37.647 Loading class java/nio/file/attribute/PosixFileAttributes done
Event: 37.834 Loading class java/nio/file/attribute/PosixFileAttributeView
Event: 37.835 Loading class java/nio/file/attribute/PosixFileAttributeView done
Event: 38.063 Loading class java/nio/file/DirectoryIteratorException
Event: 38.064 Loading class java/nio/file/DirectoryIteratorException done

Classes unloaded (7 events):
Event: 11.967 Thread 0x0000025159edfbd0 Unloading class 0x00000251011aac00 'java/lang/invoke/LambdaForm$MH+0x00000251011aac00'
Event: 11.967 Thread 0x0000025159edfbd0 Unloading class 0x00000251011aa800 'java/lang/invoke/LambdaForm$MH+0x00000251011aa800'
Event: 11.967 Thread 0x0000025159edfbd0 Unloading class 0x00000251011aa400 'java/lang/invoke/LambdaForm$MH+0x00000251011aa400'
Event: 11.967 Thread 0x0000025159edfbd0 Unloading class 0x00000251011aa000 'java/lang/invoke/LambdaForm$MH+0x00000251011aa000'
Event: 11.967 Thread 0x0000025159edfbd0 Unloading class 0x00000251011a9c00 'java/lang/invoke/LambdaForm$BMH+0x00000251011a9c00'
Event: 11.967 Thread 0x0000025159edfbd0 Unloading class 0x00000251011a9800 'java/lang/invoke/LambdaForm$DMH+0x00000251011a9800'
Event: 11.967 Thread 0x0000025159edfbd0 Unloading class 0x00000251011a8400 'java/lang/invoke/LambdaForm$DMH+0x00000251011a8400'

Classes redefined (0 events):
No events

Internal exceptions (20 events):
Event: 37.239 Thread 0x00000251786d9a40 Exception <a 'sun/nio/fs/WindowsException'{0x00000000d61ed550}> (0x00000000d61ed550) 
thrown [s\src\hotspot\share\prims\jni.cpp, line 520]
Event: 37.241 Thread 0x00000251786d9a40 Exception <a 'sun/nio/fs/WindowsException'{0x00000000d61ee890}> (0x00000000d61ee890) 
thrown [s\src\hotspot\share\prims\jni.cpp, line 520]
Event: 37.241 Thread 0x00000251786d9a40 Exception <a 'sun/nio/fs/WindowsException'{0x00000000d61ef0e0}> (0x00000000d61ef0e0) 
thrown [s\src\hotspot\share\prims\jni.cpp, line 520]
Event: 37.242 Thread 0x00000251786d9a40 Exception <a 'sun/nio/fs/WindowsException'{0x00000000d61f0590}> (0x00000000d61f0590) 
thrown [s\src\hotspot\share\prims\jni.cpp, line 520]
Event: 37.243 Thread 0x00000251786d9a40 Exception <a 'sun/nio/fs/WindowsException'{0x00000000d61f1090}> (0x00000000d61f1090) 
thrown [s\src\hotspot\share\prims\jni.cpp, line 520]
Event: 37.245 Thread 0x00000251786d9a40 Exception <a 'sun/nio/fs/WindowsException'{0x00000000d61f23c0}> (0x00000000d61f23c0) 
thrown [s\src\hotspot\share\prims\jni.cpp, line 520]
Event: 37.245 Thread 0x00000251786d9a40 Exception <a 'sun/nio/fs/WindowsException'{0x00000000d61f2ca0}> (0x00000000d61f2ca0) 
thrown [s\src\hotspot\share\prims\jni.cpp, line 520]
Event: 37.247 Thread 0x00000251786d9a40 Exception <a 'sun/nio/fs/WindowsException'{0x00000000d61f3fe0}> (0x00000000d61f3fe0) 
thrown [s\src\hotspot\share\prims\jni.cpp, line 520]
Event: 37.267 Thread 0x00000251786d8690 Exception <a 'java/lang/NoSuchMethodError'{0x00000000d6245ec0}: 'java.lang.Object java.lang.invoke.DirectMethodHandle$Holder.invokeSpecial(java.lang.Object, java.lang.Object, int, long)'> (0x00000000d6245ec0) 
thrown [s\src\hotspot\share\interpreter\linkResolver.cpp, line 773]
Event: 37.279 Thread 0x00000251786d9a40 Exception <a 'sun/nio/fs/WindowsException'{0x00000000d61f4830}> (0x00000000d61f4830) 
thrown [s\src\hotspot\share\prims\jni.cpp, line 520]
Event: 37.291 Thread 0x00000251786d9a40 Exception <a 'java/io/FileNotFoundException'{0x00000000d6268e88}> (0x00000000d6268e88) 
thrown [s\src\hotspot\share\prims\jni.cpp, line 520]
Event: 37.291 Thread 0x00000251786d9a40 Exception <a 'java/io/FileNotFoundException'{0x00000000d6269bf0}> (0x00000000d6269bf0) 
thrown [s\src\hotspot\share\prims\jni.cpp, line 520]
Event: 37.301 Thread 0x00000251786d9a40 Exception <a 'sun/nio/fs/WindowsException'{0x00000000d62c0be8}> (0x00000000d62c0be8) 
thrown [s\src\hotspot\share\prims\jni.cpp, line 520]
Event: 37.301 Thread 0x00000251786d9a40 Exception <a 'sun/nio/fs/WindowsException'{0x00000000d62c1438}> (0x00000000d62c1438) 
thrown [s\src\hotspot\share\prims\jni.cpp, line 520]
Event: 37.302 Thread 0x00000251786d9a40 Exception <a 'sun/nio/fs/WindowsException'{0x00000000d62c24b8}> (0x00000000d62c24b8) 
thrown [s\src\hotspot\share\prims\jni.cpp, line 520]
Event: 37.302 Thread 0x00000251786d9a40 Exception <a 'sun/nio/fs/WindowsException'{0x00000000d62c2ae8}> (0x00000000d62c2ae8) 
thrown [s\src\hotspot\share\prims\jni.cpp, line 520]
Event: 37.302 Thread 0x00000251786d9a40 Exception <a 'sun/nio/fs/WindowsException'{0x00000000d62c3b78}> (0x00000000d62c3b78) 
thrown [s\src\hotspot\share\prims\jni.cpp, line 520]
Event: 37.302 Thread 0x00000251786d9a40 Exception <a 'sun/nio/fs/WindowsException'{0x00000000d62c43c8}> (0x00000000d62c43c8) 
thrown [s\src\hotspot\share\prims\jni.cpp, line 520]
Event: 38.123 Thread 0x00000251786d9a40 Exception <a 'java/lang/NoSuchMethodError'{0x00000000d63d36f8}: 'void java.lang.invoke.DirectMethodHandle$Holder.invokeStatic(java.lang.Object, java.lang.Object, java.lang.Object, int)'> (0x00000000d63d36f8) 
thrown [s\src\hotspot\share\interpreter\linkResolver.cpp, line 773]
Event: 38.197 Thread 0x00000251786d9a40 Exception <a 'java/lang/NoSuchMethodError'{0x00000000d699b958}: 'void java.lang.invoke.DirectMethodHandle$Holder.invokeVirtual(java.lang.Object, java.lang.Object, int)'> (0x00000000d699b958) 
thrown [s\src\hotspot\share\interpreter\linkResolver.cpp, line 773]

ZGC Phase Switch (0 events):
No events

VM Operations (20 events):
Event: 35.612 Executing safepoint VM operation: ICBufferFull
Event: 35.612 Executing safepoint VM operation: ICBufferFull done
Event: 35.853 Executing safepoint VM operation: ParallelGCFailedAllocation (Allocation Failure)
Event: 35.857 Executing safepoint VM operation: ParallelGCFailedAllocation (Allocation Failure) done
Event: 36.571 Executing safepoint VM operation: ICBufferFull
Event: 36.572 Executing safepoint VM operation: ICBufferFull done
Event: 36.643 Executing safepoint VM operation: ParallelGCFailedAllocation (Allocation Failure)
Event: 36.647 Executing safepoint VM operation: ParallelGCFailedAllocation (Allocation Failure) done
Event: 37.339 Executing safepoint VM operation: ICBufferFull
Event: 37.340 Executing safepoint VM operation: ICBufferFull done
Event: 37.375 Executing non-safepoint VM operation: HandshakeAllThreads (Deoptimize)
Event: 37.375 Executing non-safepoint VM operation: HandshakeAllThreads (Deoptimize) done
Event: 37.716 Executing non-safepoint VM operation: HandshakeAllThreads (Deoptimize)
Event: 37.717 Executing non-safepoint VM operation: HandshakeAllThreads (Deoptimize) done
Event: 37.717 Executing safepoint VM operation: CollectForMetadataAllocation (Metadata GC Threshold)
Event: 37.833 Executing safepoint VM operation: CollectForMetadataAllocation (Metadata GC Threshold) done
Event: 38.047 Executing non-safepoint VM operation: HandshakeAllThreads (Deoptimize)
Event: 38.059 Executing non-safepoint VM operation: HandshakeAllThreads (Deoptimize) done
Event: 38.208 Executing safepoint VM operation: ParallelGCFailedAllocation (Allocation Failure)
Event: 38.220 Executing safepoint VM operation: ParallelGCFailedAllocation (Allocation Failure) done

Memory protections (0 events):
No events

Nmethod flushes (20 events):
Event: 37.770 Thread 0x0000025159edfbd0 flushing  nmethod 0x000002515d9f0690
Event: 37.770 Thread 0x0000025159edfbd0 flushing  nmethod 0x000002515da10a10
Event: 37.770 Thread 0x0000025159edfbd0 flushing  nmethod 0x000002515da11c90
Event: 37.770 Thread 0x0000025159edfbd0 flushing  nmethod 0x000002515da11f90
Event: 37.770 Thread 0x0000025159edfbd0 flushing  nmethod 0x000002515da12c90
Event: 37.770 Thread 0x0000025159edfbd0 flushing  nmethod 0x000002515da17990
Event: 37.770 Thread 0x0000025159edfbd0 flushing  nmethod 0x000002515da17d10
Event: 37.770 Thread 0x0000025159edfbd0 flushing  nmethod 0x000002515da18410
Event: 37.770 Thread 0x0000025159edfbd0 flushing  nmethod 0x000002515da18a10
Event: 37.770 Thread 0x0000025159edfbd0 flushing  nmethod 0x000002515da3df90
Event: 37.770 Thread 0x0000025159edfbd0 flushing  nmethod 0x000002515da3e690
Event: 37.770 Thread 0x0000025159edfbd0 flushing  nmethod 0x000002515da3f590
Event: 37.770 Thread 0x0000025159edfbd0 flushing  nmethod 0x000002515da43990
Event: 37.770 Thread 0x0000025159edfbd0 flushing  nmethod 0x000002515da44090
Event: 37.770 Thread 0x0000025159edfbd0 flushing  nmethod 0x000002515da47210
Event: 37.770 Thread 0x0000025159edfbd0 flushing  nmethod 0x000002515da54e10
Event: 37.770 Thread 0x0000025159edfbd0 flushing  nmethod 0x000002515da7cf10
Event: 37.770 Thread 0x0000025159edfbd0 flushing  nmethod 0x000002515da92e10
Event: 37.770 Thread 0x0000025159edfbd0 flushing  nmethod 0x000002515dabdd10
Event: 37.770 Thread 0x0000025159edfbd0 flushing  nmethod 0x000002515dac7d10

Events (20 events):
Event: 26.480 Thread 0x00000251729c4020 Thread added: 0x000002517abb1dd0
Event: 26.522 Thread 0x00000251729c4020 Thread added: 0x0000025179b1dd80
Event: 26.693 Thread 0x0000025179b1dd80 Thread exited: 0x0000025179b1dd80
Event: 27.002 Thread 0x000002517abb1dd0 Thread added: 0x0000025172d78f60
Event: 29.125 Thread 0x0000025172d78f60 Thread exited: 0x0000025172d78f60
Event: 29.137 Thread 0x000002517abb1dd0 Thread exited: 0x000002517abb1dd0
Event: 33.188 Thread 0x00000251729c4020 Thread added: 0x000002517b053070
Event: 33.359 Thread 0x00000251729c4020 Thread added: 0x000002517a6d2040
Event: 34.735 Thread 0x000002517a6d2040 Thread exited: 0x000002517a6d2040
Event: 34.735 Thread 0x000002517b053070 Thread exited: 0x000002517b053070
Event: 34.772 Thread 0x00000251729c4020 Thread added: 0x000002517b2b3c10
Event: 34.818 Thread 0x0000025170fcca40 Thread added: 0x000002517a7b2db0
Event: 35.118 Thread 0x000002517a7b2db0 Thread exited: 0x000002517a7b2db0
Event: 35.887 Thread 0x00000251729c4020 Thread added: 0x000002517b58d3a0
Event: 36.836 Thread 0x00000251786dcec0 Thread added: 0x000002517a9d94e0
Event: 36.841 Thread 0x00000251786dcec0 Thread added: 0x000002517a9d6060
Event: 36.842 Thread 0x000002517a9d6060 Thread added: 0x000002517a9d9b70
Event: 36.846 Thread 0x000002517a9d9b70 Thread added: 0x000002517a9d66f0
Event: 36.851 Thread 0x000002517a9d66f0 Thread added: 0x000002517a9daf20
Event: 36.860 Thread 0x000002517a9daf20 Thread added: 0x000002517a9dc960


Dynamic libraries:
0x00007ff610c40000 - 0x00007ff610c4e000 	c:\Users\LOQ\.vscode\extensions\redhat.java-1.56.0-win32-x64\jre\21.0.12.1-win32-x86_64\bin\java.exe
0x00007ffd841a0000 - 0x00007ffd84408000 	C:\WINDOWS\SYSTEM32\ntdll.dll
0x00007ffd83410000 - 0x00007ffd834d9000 	C:\WINDOWS\System32\KERNEL32.DLL
0x00007ffd816a0000 - 0x00007ffd81a92000 	C:\WINDOWS\System32\KERNELBASE.dll
0x00007ffd81b50000 - 0x00007ffd81c9b000 	C:\WINDOWS\System32\ucrtbase.dll
0x00007ffd66750000 - 0x00007ffd66768000 	c:\Users\LOQ\.vscode\extensions\redhat.java-1.56.0-win32-x64\jre\21.0.12.1-win32-x86_64\bin\jli.dll
0x00007ffd66240000 - 0x00007ffd6625e000 	c:\Users\LOQ\.vscode\extensions\redhat.java-1.56.0-win32-x64\jre\21.0.12.1-win32-x86_64\bin\VCRUNTIME140.dll
0x00007ffd83240000 - 0x00007ffd83405000 	C:\WINDOWS\System32\USER32.dll
0x00007ffd63520000 - 0x00007ffd637b3000 	C:\WINDOWS\WinSxS\amd64_microsoft.windows.common-controls_6595b64144ccf1df_6.0.26100.6899_none_3e0efeeae32e88c1\COMCTL32.dll
0x00007ffd81330000 - 0x00007ffd81357000 	C:\WINDOWS\System32\win32u.dll
0x00007ffd83f50000 - 0x00007ffd83f7b000 	C:\WINDOWS\System32\GDI32.dll
0x00007ffd83190000 - 0x00007ffd83239000 	C:\WINDOWS\System32\msvcrt.dll
0x00007ffd81570000 - 0x00007ffd8169d000 	C:\WINDOWS\System32\gdi32full.dll
0x00007ffd81aa0000 - 0x00007ffd81b43000 	C:\WINDOWS\System32\msvcp_win.dll
0x00007ffd83150000 - 0x00007ffd8317f000 	C:\WINDOWS\System32\IMM32.DLL
0x00007ffd69e70000 - 0x00007ffd69e7c000 	c:\Users\LOQ\.vscode\extensions\redhat.java-1.56.0-win32-x64\jre\21.0.12.1-win32-x86_64\bin\vcruntime140_1.dll
0x00007ffd369d0000 - 0x00007ffd36a5d000 	c:\Users\LOQ\.vscode\extensions\redhat.java-1.56.0-win32-x64\jre\21.0.12.1-win32-x86_64\bin\msvcp140.dll
0x00007ffd167b0000 - 0x00007ffd17552000 	c:\Users\LOQ\.vscode\extensions\redhat.java-1.56.0-win32-x64\jre\21.0.12.1-win32-x86_64\bin\server\jvm.dll
0x00007ffd82090000 - 0x00007ffd82144000 	C:\WINDOWS\System32\ADVAPI32.dll
0x00007ffd83ea0000 - 0x00007ffd83f46000 	C:\WINDOWS\System32\sechost.dll
0x00007ffd823c0000 - 0x00007ffd824d8000 	C:\WINDOWS\System32\RPCRT4.dll
0x00007ffd840e0000 - 0x00007ffd84154000 	C:\WINDOWS\System32\WS2_32.dll
0x00007ffd80ff0000 - 0x00007ffd8104e000 	C:\WINDOWS\SYSTEM32\POWRPROF.dll
0x00007ffd79e60000 - 0x00007ffd79e6b000 	C:\WINDOWS\SYSTEM32\VERSION.dll
0x00007ffd72810000 - 0x00007ffd72845000 	C:\WINDOWS\SYSTEM32\WINMM.dll
0x00007ffd80f10000 - 0x00007ffd80f24000 	C:\WINDOWS\SYSTEM32\UMPDC.dll
0x00007ffd80100000 - 0x00007ffd8011b000 	C:\WINDOWS\SYSTEM32\kernel.appcore.dll
0x00007ffd66880000 - 0x00007ffd6688a000 	c:\Users\LOQ\.vscode\extensions\redhat.java-1.56.0-win32-x64\jre\21.0.12.1-win32-x86_64\bin\jimage.dll
0x00007ffd7df90000 - 0x00007ffd7e1d2000 	C:\WINDOWS\SYSTEM32\DBGHELP.DLL
0x00007ffd83aa0000 - 0x00007ffd83e1b000 	C:\WINDOWS\System32\combase.dll
0x00007ffd82160000 - 0x00007ffd82237000 	C:\WINDOWS\System32\OLEAUT32.dll
0x00007ffd5f550000 - 0x00007ffd5f58c000 	C:\WINDOWS\SYSTEM32\dbgcore.DLL
0x00007ffd81d60000 - 0x00007ffd81df8000 	C:\WINDOWS\System32\bcryptPrimitives.dll
0x00007ffd66800000 - 0x00007ffd6680f000 	c:\Users\LOQ\.vscode\extensions\redhat.java-1.56.0-win32-x64\jre\21.0.12.1-win32-x86_64\bin\instrument.dll
0x00007ffd4f520000 - 0x00007ffd4f540000 	c:\Users\LOQ\.vscode\extensions\redhat.java-1.56.0-win32-x64\jre\21.0.12.1-win32-x86_64\bin\java.dll
0x00007ffd82a00000 - 0x00007ffd8314d000 	C:\WINDOWS\System32\SHELL32.dll
0x00007ffd81e00000 - 0x00007ffd81f6b000 	C:\WINDOWS\System32\wintypes.dll
0x00007ffd7ef50000 - 0x00007ffd7f7ad000 	C:\WINDOWS\SYSTEM32\windows.storage.dll
0x00007ffd822c0000 - 0x00007ffd823b2000 	C:\WINDOWS\System32\SHCORE.dll
0x00007ffd83f80000 - 0x00007ffd83fe2000 	C:\WINDOWS\System32\shlwapi.dll
0x00007ffd81250000 - 0x00007ffd81279000 	C:\WINDOWS\SYSTEM32\profapi.dll
0x00007ffd4f340000 - 0x00007ffd4f358000 	c:\Users\LOQ\.vscode\extensions\redhat.java-1.56.0-win32-x64\jre\21.0.12.1-win32-x86_64\bin\zip.dll
0x00007ffd5f7b0000 - 0x00007ffd5f7c0000 	C:\Users\LOQ\.vscode\extensions\redhat.java-1.56.0-win32-x64\jre\21.0.12.1-win32-x86_64\bin\net.dll
0x00007ffd789b0000 - 0x00007ffd78acf000 	C:\WINDOWS\SYSTEM32\WINHTTP.dll
0x00007ffd80670000 - 0x00007ffd806db000 	C:\WINDOWS\system32\mswsock.dll
0x00007ffd45f20000 - 0x00007ffd45f36000 	C:\Users\LOQ\.vscode\extensions\redhat.java-1.56.0-win32-x64\jre\21.0.12.1-win32-x86_64\bin\nio.dll
0x00007ffd57ab0000 - 0x00007ffd57ac0000 	c:\Users\LOQ\.vscode\extensions\redhat.java-1.56.0-win32-x64\jre\21.0.12.1-win32-x86_64\bin\verify.dll
0x00007ffd3b240000 - 0x00007ffd3b285000 	C:\Users\LOQ\AppData\Roaming\Code\User\globalStorage\redhat.java\1.56.0\config_win\org.eclipse.equinox.launcher\org.eclipse.equinox.launcher.win32.win32.x86_64_1.3.100.v20260804-1928\eclipse_11924.dll
0x00007ffd83720000 - 0x00007ffd838b8000 	C:\WINDOWS\System32\ole32.dll
0x00007ffd80920000 - 0x00007ffd8093b000 	C:\WINDOWS\SYSTEM32\CRYPTSP.dll
0x00007ffd80060000 - 0x00007ffd8009b000 	C:\WINDOWS\system32\rsaenh.dll
0x00007ffd80710000 - 0x00007ffd8073b000 	C:\WINDOWS\SYSTEM32\USERENV.dll
0x00007ffd81220000 - 0x00007ffd81246000 	C:\WINDOWS\SYSTEM32\bcrypt.dll
0x00007ffd80940000 - 0x00007ffd8094c000 	C:\WINDOWS\SYSTEM32\CRYPTBASE.dll
0x00007ffd7fc30000 - 0x00007ffd7fc64000 	C:\WINDOWS\SYSTEM32\IPHLPAPI.DLL
0x00007ffd834e0000 - 0x00007ffd834ea000 	C:\WINDOWS\System32\NSI.dll
0x00007ffd40850000 - 0x00007ffd40899000 	C:\Users\LOQ\AppData\Local\Temp\jna-75566\jna13767768635193269667.dll
0x00007ffd834f0000 - 0x00007ffd834f8000 	C:\WINDOWS\System32\PSAPI.DLL
0x00007ffd7a4c0000 - 0x00007ffd7a4de000 	C:\WINDOWS\SYSTEM32\dhcpcsvc6.DLL
0x00007ffd7a460000 - 0x00007ffd7a483000 	C:\WINDOWS\SYSTEM32\dhcpcsvc.DLL

JVMTI agents:
c:\Users\LOQ\.vscode\extensions\redhat.java-1.56.0-win32-x64\lombok\lombok-1.18.39-4050.jar path:c:\Users\LOQ\.vscode\extensions\redhat.java-1.56.0-win32-x64\jre\21.0.12.1-win32-x86_64\bin\instrument.dll, loaded, initialized, instrumentlib options:none

dbghelp: loaded successfully - version: 4.0.5 - missing functions: none
symbol engine: initialized successfully - sym options: 0x614 - pdb path: .;c:\Users\LOQ\.vscode\extensions\redhat.java-1.56.0-win32-x64\jre\21.0.12.1-win32-x86_64\bin;C:\WINDOWS\SYSTEM32;C:\WINDOWS\WinSxS\amd64_microsoft.windows.common-controls_6595b64144ccf1df_6.0.26100.6899_none_3e0efeeae32e88c1;c:\Users\LOQ\.vscode\extensions\redhat.java-1.56.0-win32-x64\jre\21.0.12.1-win32-x86_64\bin\server;C:\Users\LOQ\AppData\Roaming\Code\User\globalStorage\redhat.java\1.56.0\config_win\org.eclipse.equinox.launcher\org.eclipse.equinox.launcher.win32.win32.x86_64_1.3.100.v20260804-1928;C:\Users\LOQ\AppData\Local\Temp\jna-75566

VM Arguments:
jvm_args: --add-modules=ALL-SYSTEM --add-opens=java.base/java.util=ALL-UNNAMED --add-opens=java.base/java.lang=ALL-UNNAMED --add-opens=java.base/sun.nio.fs=ALL-UNNAMED -Declipse.application=org.eclipse.jdt.ls.core.id1 -Dosgi.bundles.defaultStartLevel=4 -Declipse.product=org.eclipse.jdt.ls.core.product -Djava.import.generatesMetadataFilesAtProjectRoot=false -Dm2e.project.cache.size=50 -DDetectVMInstallationsJob.disabled=true -Dfile.encoding=utf8 -XX:+UseParallelGC -XX:GCTimeRatio=4 -XX:AdaptiveSizePolicyWeight=90 -Dsun.zip.disableMemoryMapping=true -Xmx2G -Xms100m -Xlog:disable -javaagent:c:\Users\LOQ\.vscode\extensions\redhat.java-1.56.0-win32-x64\lombok\lombok-1.18.39-4050.jar -XX:+HeapDumpOnOutOfMemoryError -XX:HeapDumpPath=c:\Users\LOQ\AppData\Roaming\Code\User\workspaceStorage\a7a39547a06a3b6109950431f82cb49c\redhat.java -Daether.dependencyCollector.impl=bf 
java_command: c:\Users\LOQ\.vscode\extensions\redhat.java-1.56.0-win32-x64\server\plugins\org.eclipse.equinox.launcher_1.8.0.v20260804-1928.jar -configuration c:\Users\LOQ\AppData\Roaming\Code\User\globalStorage\redhat.java\1.56.0\config_win -data c:\Users\LOQ\AppData\Roaming\Code\User\workspaceStorage\a7a39547a06a3b6109950431f82cb49c\redhat.java\jdt_ws --pipe=\\.\pipe\lsp-05cdc9cc07ffec1f4dabecb4a17c3768-sock
java_class_path (initial): c:\Users\LOQ\.vscode\extensions\redhat.java-1.56.0-win32-x64\server\plugins\org.eclipse.equinox.launcher_1.8.0.v20260804-1928.jar
Launcher Type: SUN_STANDARD

[Global flags]
    uintx AdaptiveSizePolicyWeight                 = 90                                        {product} {command line}
     intx CICompilerCount                          = 4                                         {product} {ergonomic}
    uintx GCTimeRatio                              = 4                                         {product} {command line}
     bool HeapDumpOnOutOfMemoryError               = true                                   {manageable} {command line}
    ccstr HeapDumpPath                             = c:\Users\LOQ\AppData\Roaming\Code\User\workspaceStorage\a7a39547a06a3b6109950431f82cb49c\redhat.java         {manageable} {command line}
   size_t InitialHeapSize                          = 104857600                                 {product} {command line}
   size_t MaxHeapSize                              = 2147483648                                {product} {command line}
   size_t MaxNewSize                               = 715653120                                 {product} {ergonomic}
   size_t MinHeapDeltaBytes                        = 524288                                    {product} {ergonomic}
   size_t MinHeapSize                              = 104857600                                 {product} {command line}
   size_t NewSize                                  = 34603008                                  {product} {ergonomic}
    uintx NonNMethodCodeHeapSize                   = 5839372                                {pd product} {ergonomic}
    uintx NonProfiledCodeHeapSize                  = 122909434                              {pd product} {ergonomic}
   size_t OldSize                                  = 70254592                                  {product} {ergonomic}
    uintx ProfiledCodeHeapSize                     = 122909434                              {pd product} {ergonomic}
    uintx ReservedCodeCacheSize                    = 251658240                              {pd product} {ergonomic}
     bool SegmentedCodeCache                       = true                                      {product} {ergonomic}
   size_t SoftMaxHeapSize                          = 2147483648                             {manageable} {ergonomic}
     bool UseCompressedOops                        = true                           {product lp64_product} {ergonomic}
     bool UseLargePagesIndividualAllocation        = false                                  {pd product} {ergonomic}
     bool UseParallelGC                            = true                                      {product} {command line}

Logging:
Log output configuration:
 #0: stdout all=off uptime,level,tags foldmultilines=false
 #1: stderr all=off uptime,level,tags foldmultilines=false

Release file:
JAVA_VERSION="21.0.12.1" 
MODULES="java.base java.compiler java.datatransfer java.xml java.prefs java.desktop java.instrument java.logging java.management java.security.sasl java.naming java.rmi java.management.rmi java.net.http java.scripting java.security.jgss java.transaction.xa java.sql java.sql.rowset java.xml.crypto java.se java.smartcardio jdk.accessibility jdk.internal.jvmstat jdk.attach jdk.charsets jdk.internal.opt jdk.zipfs jdk.compiler jdk.crypto.ec jdk.crypto.cryptoki jdk.crypto.mscapi jdk.dynalink jdk.internal.ed jdk.editpad jdk.hotspot.agent jdk.httpserver jdk.internal.le jdk.internal.vm.ci jdk.internal.vm.compiler jdk.internal.vm.compiler.management jdk.jartool jdk.javadoc jdk.jcmd jdk.management jdk.management.agent jdk.jconsole jdk.jdeps jdk.jdwp.agent jdk.jdi jdk.jfr jdk.jshell jdk.jsobject jdk.jstatd jdk.localedata jdk.management.jfr jdk.naming.dns jdk.naming.rmi jdk.net jdk.nio.mapmode jdk.random jdk.sctp jdk.security.auth jdk.security.jgss jdk.unsupported jdk.unsupported.desktop jdk.xml.dom" 

Environment Variables:
PATH=C:\Program Files (x86)\Common Files\Intel\Shared Libraries\redist\intel64\compiler;C:\Program Files\Common Files\Oracle\Java\javapath;C:\WINDOWS\system32;C:\WINDOWS;C:\WINDOWS\System32\Wbem;C:\WINDOWS\System32\WindowsPowerShell\v1.0\;C:\WINDOWS\System32\OpenSSH\;C:\Program Files (x86)\NVIDIA Corporation\PhysX\Common;C:\Program Files\NVIDIA Corporation\NVIDIA NvDLISR;C:\Users\LOQ\Downloads\apache-maven-3.9.9-bin\apache-maven-3.9.9\bin;C:\Program Files\Git\cmd;C:\Program Files\nodejs\;C:\ProgramData\chocolatey\bin;C:\Program Files\Maven\apache-maven-3.9.11-bin\bin;C:\flutter\bin;C:\Program Files (x86)\Microsoft SQL Server\160\Tools\Binn\;C:\Program Files\Microsoft SQL Server\160\Tools\Binn\;C:\Program Files\Microsoft SQL Server\Client SDK\ODBC\170\Tools\Binn\;C:\Program Files\Microsoft SQL Server\160\DTS\Binn\;C:\Users\LOQ\AppData\Local\Microsoft\WindowsApps;C:\Users\LOQ\AppData\Local\Programs\Microsoft VS Code\bin;C:\Users\LOQ\AppData\Local\GitHubDesktop\bin;D:\src\flutter_windows_3.29.2-stable\flutter\bin;C:\Users\LOQ\AppData\Roaming\npm;C:\flutter\bin;C:\Users\LOQ\AppData\Local\Programs\Antigravity\bin
USERNAME=LOQ
OS=Windows_NT
PROCESSOR_IDENTIFIER=AMD64 Family 25 Model 68 Stepping 1, AuthenticAMD
TMP=C:\Users\LOQ\AppData\Local\Temp
TEMP=C:\Users\LOQ\AppData\Local\Temp




Periodic native trim disabled

---------------  S Y S T E M  ---------------

OS:
 Windows 11 , 64 bit Build 26100 (10.0.26100.6725)
OS uptime: 23 days 20:12 hours
Hyper-V role detected

CPU: total 8 (initial active 8) (8 cores per cpu, 2 threads per core) family 25 model 68 stepping 1 microcode 0xa404105, cx8, cmov, fxsr, ht, mmx, 3dnowpref, sse, sse2, sse3, ssse3, sse4a, sse4.1, sse4.2, popcnt, lzcnt, tsc, tscinvbit, avx, avx2, aes, erms, clmul, bmi1, bmi2, adx, sha, fma, vzeroupper, clflush, clflushopt, hv, rdtscp, rdpid, fsrm, f16c, cet_ss
Processor Information for processor 0
  Max Mhz: 3201, Current Mhz: 2560, Mhz Limit: 3201
Processor Information for processor 1
  Max Mhz: 3201, Current Mhz: 3201, Mhz Limit: 3201
Processor Information for processor 2
  Max Mhz: 3201, Current Mhz: 3201, Mhz Limit: 3201
Processor Information for processor 3
  Max Mhz: 3201, Current Mhz: 2560, Mhz Limit: 3201
Processor Information for processor 4
  Max Mhz: 3201, Current Mhz: 3201, Mhz Limit: 3201
Processor Information for processor 5
  Max Mhz: 3201, Current Mhz: 2560, Mhz Limit: 3201
Processor Information for processor 6
  Max Mhz: 3201, Current Mhz: 3201, Mhz Limit: 3201
Processor Information for processor 7
  Max Mhz: 3201, Current Mhz: 2560, Mhz Limit: 3201

Memory: 4k page, system-wide physical 11972M (686M free)
TotalPageFile size 30053M (AvailPageFile size 80M)
current process WorkingSet (physical memory assigned to process): 381M, peak: 392M
current process commit charge ("private bytes"): 489M, peak: 494M

vm_info: OpenJDK 64-Bit Server VM (21.0.12.1+1-LTS) for windows-amd64 JRE (21.0.12.1+1-LTS), built on 2026-08-18T00:00:00Z by "admin" with MS VC++ 17.12 (VS2022)

END.
